Code,LatestOP,OldestOP,NumPeriods,GrowthCount,IsGrowthA,IsGrowthB,CAGR,IsGrowthC,MarketCap,Price,Date,TheoreticalValue,ValuationGap,MarketCap_to_OP
90220,696763000000.0,583929000000.0,5,3,False,True,0.045156339116765754,True,960640800000.0,4220.0,2026-03-13,6967630000000.0,6.253106468099211,1.3787195933193928
94340,884144000000.0,821861000000.0,5,3,False,True,0.01842993917343927,True,1673148828000.0,213.2,2026-03-13,8841440000000.0,4.284311743246787,1.8923940308366058
19250,363589000000.0,357224000000.0,5,3,False,True,0.00442502986451454,True,792480000000.0,5200.0,2026-03-13,3635890000000.0,3.587989602261256,2.1796038934071165
72030,3196722000000.0,3679491000000.0,5,3,False,True,-0.034551124084277074,False,7651820900000.0,3370.0,2026-03-13,31967220000000.0,3.1777271603416644,2.39364602239419
29140,867038000000.0,323461000000.0,5,3,False,True,0.27954054428247366,True,2104275060000.0,5711.0,2026-03-13,8670380000000.0,3.1203643785998203,2.4269698213919115
19280,341402000000.0,331366000000.0,5,3,False,True,0.007487180787884684,True,856909980000.0,3543.0,2026-03-13,3414020000000.0,2.9841057750313515,2.50997352095184
95030,387777000000.0,468877000000.0,5,2,False,True,-0.04636808035450124,False,1050625095000.0,2584.5,2026-03-13,3877770000000.0,2.6909169773828787,2.7093538167555065
90200,349614000000.0,352553000000.0,5,3,False,True,-0.0020906307843048255,False,1000986210000.0,3721.0,2026-03-13,3496140000000.0,2.492695468801713,2.86311821036915
46890,284198000000.0,172659000000.0,5,3,False,True,0.13268186969050944,True,871177978000.0,398.2,2026-03-13,2841980000000.0,2.262226630802185,3.0653909527864376
63260,265470000000.0,315636000000.0,5,3,False,True,-0.04234908114066582,False,820335325000.0,2682.5,2026-03-13,2654700000000.0,2.2361156701376963,3.090124402003993
77510,455390000000.0,96517000000.0,5,3,False,False,0.4738216055635074,True,1425370880000.0,4408.0,2026-03-13,4553900000000.0,2.1948877754539224,3.1300003952655966
94320,1457145000000.0,1399233000000.0,5,3,False,True,0.010190273908149194,True,4737534347000.0,154.7,2026-03-13,14571450000000.0,2.0757455107902776,3.2512442804250776
45190,598833000000.0,542002000000.0,5,3,False,True,0.02524157468840138,True,1976692680000.0,9362.0,2026-03-13,5988330000000.0,2.0294694064430896,3.300908066188737
25030,209677000000.0,125340000000.0,5,3,False,True,0.13727443314848342,True,761371220000.0,2602.0,2026-03-13,2096770000000.0,1.7539391362862389,3.6311623115553924
80150,403201000000.0,371210000000.0,5,3,False,True,0.020881851605966784,True,1632988160000.0,6304.0,2026-03-13,4032010000000.0,1.4690993472971658,4.0500597964786795
45030,333880000000.0,-22481000000.0,5,4,True,True,,False,1401007105000.0,2361.5,2026-03-13,3338800000000.0,1.383142803547738,4.196139645980592
45780,479375000000.0,323564000000.0,5,3,False,True,0.10326234679098056,True,2023489350000.0,11005.0,2026-03-13,4793750000000.0,1.369051262859377,4.221099035202086
50200,270785000000.0,302455000000.0,5,2,False,True,-0.027273027038335562,False,1187648440000.0,1364.0,2026-03-13,2707850000000.0,1.2800097308257317,4.385946193474528
72590,156338000000.0,115987000000.0,5,3,False,True,0.07749139141149564,True,685784480000.0,2356.0,2026-03-13,1563380000000.0,1.2796958018064217,4.386550166945976
90210,197135000000.0,175344000000.0,5,3,False,True,0.02971776860139963,True,869268250000.0,3271.0,2026-03-13,1971350000000.0,1.2678269912653546,4.409507444137266
40910,146111000000.0,165906000000.0,5,1,False,False,-0.03126452213911157,False,661817520000.0,5772.0,2026-03-13,1461110000000.0,1.2077233615695153,4.529553011066929
94330,577156000000.0,573086000000.0,5,3,False,False,0.0017707662594690365,True,2625867440000.0,2632.0,2026-03-13,5771560000000.0,1.1979631995436906,4.549666710560056
86010,147785000000.0,36177000000.0,5,2,False,False,0.42167213581965823,True,678056730000.0,1436.5,2026-03-13,1477850000000.0,1.1795373965243292,4.588129580133302
51080,381237000000.0,443319000000.0,5,3,False,True,-0.03701466240174445,False,1942832500000.0,3350.0,2026-03-13,3812370000000.0,0.9622741538449661,5.096127867966645
67580,1283970000000.0,1203514000000.0,5,3,False,True,0.016309376668762754,True,6573000980000.0,3458.0,2026-03-13,12839700000000.0,0.9533999826058143,5.119279251072844
51010,152901000000.0,119157000000.0,5,3,False,True,0.06432114720772941,True,796445700000.0,6135.0,2026-03-13,1529010000000.0,0.9197918954173524,5.2088979143367276
36590,124012000000.0,74370000000.0,5,3,False,True,0.13636142453667444,True,659718360000.0,3012.0,2026-03-13,1240120000000.0,0.8797718468832669,5.319794536012644
45020,422382000000.0,417518000000.0,5,2,False,True,0.0028998115214118325,True,2331205890000.0,5673.0,2026-03-13,4223820000000.0,0.8118605559974799,5.519188530761254
16050,1135440000000.0,1271789000000.0,5,3,False,True,-0.027952961730811632,False,6298677810000.0,4383.0,2026-03-13,11354400000000.0,0.8026640419634355,5.547345355104629
52010,127465000000.0,125835000000.0,5,3,False,True,0.0032227549802612554,True,715107800000.0,5830.0,2026-03-13,1274650000000.0,0.7824585328254006,5.61022869022869
33820,325073000000.0,420991000000.0,5,2,False,True,-0.06259552608739882,False,1899313780000.0,2041.0,2026-03-13,3250730000000.0,0.7115286764254404,5.842730032946446
72690,429103000000.0,479720000000.0,5,3,False,True,-0.02749144270510706,False,2523823995000.0,1963.5,2026-03-13,4291030000000.0,0.7002096851844853,5.881627476386789
44520,164069000000.0,146644000000.0,5,3,False,True,0.028467466426339794,True,997288840000.0,6166.0,2026-03-13,1640690000000.0,0.645150265594068,6.078472106247981
45070,148739000000.0,156603000000.0,5,2,False,False,-0.01279761714948513,False,908396230000.0,3409.0,2026-03-13,1487390000000.0,0.6373801991670529,6.1073170452941055
92020,180714000000.0,171160000000.0,5,3,False,True,0.013671836232943546,True,1140624695000.0,2936.5,2026-03-13,1807140000000.0,0.5843423414570206,6.311767184612149
85910,366284000000.0,290724000000.0,5,3,False,True,0.059459271056276464,True,2349151480000.0,4778.0,2026-03-13,3662840000000.0,0.5592183097532731,6.413470094243811
80010,526438000000.0,170735000000.0,5,2,False,False,0.32512292636304796,True,3488806600000.0,2071.0,2026-03-13,5264380000000.0,0.5089343158202005,6.627193705621555
95310,138257000000.0,72954000000.0,5,3,False,True,0.1733011735058949,True,921456000000.0,7584.0,2026-03-13,1382570000000.0,0.5004189022590335,6.66480539864166
69020,375879000000.0,401560000000.0,5,3,False,True,-0.01638667315638509,False,2648000625000.0,1937.5,2026-03-13,3758790000000.0,0.41948229336237414,7.044821937378784
98430,104494000000.0,120372000000.0,5,2,False,True,-0.03474631246035931,False,747721590000.0,2733.5,2026-03-13,1044940000000.0,0.39749876688728486,7.155641376538366
63010,419015000000.0,466062000000.0,5,3,False,True,-0.026252246071850838,False,3025022640000.0,7093.0,2026-03-13,4190150000000.0,0.385163186745604,7.219365989284393
60980,495680000000.0,409358000000.0,5,3,False,True,0.04899768191243825,True,3712393740000.0,6514.0,2026-03-13,4956800000000.0,0.3352031996476753,7.4894967317624275
88300,238379000000.0,215802000000.0,5,3,False,True,0.02518709830060728,True,1790981000000.0,4790.0,2026-03-13,2383790000000.0,0.3309968112447871,7.513166008750771
18020,142725000000.0,45497000000.0,5,3,False,True,0.33085065503287847,True,1073654100000.0,3870.0,2026-03-13,1427250000000.0,0.3293387507205533,7.522537046768261
25020,158712000000.0,193480000000.0,5,3,False,True,-0.04831456786945587,False,1194528000000.0,1600.0,2026-03-13,1587120000000.0,0.32865868359720324,7.526387418720701
34070,173949000000.0,164389000000.0,5,3,False,True,0.014231969325197102,True,1313115280000.0,1616.5,2026-03-13,1739490000000.0,0.32470471290228226,7.548852134821126
40050,180416000000.0,145434000000.0,5,3,False,True,0.05536399883064891,True,1365150048000.0,498.9,2026-03-13,1804160000000.0,0.321583662281789,7.566679496275275
97350,110714000000.0,100259000000.0,5,3,False,True,0.025108402446613054,True,838457060000.0,6007.0,2026-03-13,1107140000000.0,0.3204492547298725,7.573180085626028
46610,141414000000.0,134999000000.0,5,3,False,True,0.011673708924420545,True,1126031610000.0,2787.0,2026-03-13,1414140000000.0,0.25586172487644465,7.962660061945776
92010,174323000000.0,142774000000.0,5,3,False,True,0.051178309953660905,True,1400623110000.0,2589.0,2026-03-13,1743230000000.0,0.2446103363238095,8.034643219770198
41880,113322000000.0,60908000000.0,5,2,False,False,0.1679116024882823,True,927291990000.0,924.5,2026-03-13,1133220000000.0,0.22207461319707938,8.182806427701594
54110,97450000000.0,157245000000.0,5,3,False,True,-0.11273929144827644,False,820624640000.0,1919.5,2026-03-13,974500000000.0,0.18751004113159458,8.4209814263725
65010,825715000000.0,654907000000.0,5,3,False,True,0.05965047079179486,True,7017486530000.0,4853.0,2026-03-13,8257150000000.0,0.17665348764125094,8.498678757198308
49010,248451000000.0,223279000000.0,5,3,False,True,0.02706568097691453,True,2119735890000.0,3013.0,2026-03-13,2484510000000.0,0.17208469777808028,8.531806633903667
69880,147860000000.0,152935000000.0,5,3,False,True,-0.008401288858316147,False,1301657550000.0,3265.0,2026-03-13,1478600000000.0,0.13593625297221992,8.803310902204789
43070,118780000000.0,102353000000.0,5,3,False,True,0.03791236555366129,True,1063894650000.0,4305.0,2026-03-13,1187800000000.0,0.11646392807784117,8.95685005893248
65030,294757000000.0,391850000000.0,5,2,False,True,-0.06870757786542403,False,2704430080000.0,5456.0,2026-03-13,2947570000000.0,0.08990430989437893,9.175117401791985
95320,133747000000.0,99507000000.0,5,3,False,True,0.0767319598404057,True,1228198360000.0,6157.0,2026-03-13,1337470000000.0,0.08896904894092189,9.182997450410102
64790,75208000000.0,74594000000.0,5,3,False,True,0.002051484735162701,True,691070850000.0,2776.5,2026-03-13,752080000000.0,0.0882820480707586,9.18879441016913
88010,302623000000.0,220600000000.0,5,3,False,True,0.08224130692072995,True,2831199750000.0,1821.0,2026-03-13,3026230000000.0,0.06888607912599597,9.35553394817975
18010,122356000000.0,79958000000.0,5,3,False,True,0.11222035022864074,True,1148775000000.0,17340.0,2026-03-13,1223560000000.0,0.06509978020064852,9.388791722514629
88020,227374000000.0,194478000000.0,5,3,False,True,0.039842540340266686,True,2183521170000.0,4729.0,2026-03-13,2273740000000.0,0.041318046849987716,9.603213955861268
75320,93994000000.0,89749000000.0,5,3,False,False,0.011620515948137955,True,908080900000.0,1010.0,2026-03-13,939940000000.0,0.03508398866224364,9.661051769261867
28020,138803000000.0,130943000000.0,5,2,False,True,0.01468009646223023,True,1362466500000.0,4405.0,2026-03-13,1388030000000.0,0.018762663155387674,9.815828908597076
78320,105481000000.0,113670000000.0,5,3,False,False,-0.018518552806482957,False,1048517600000.0,4264.0,2026-03-13,1054810000000.0,0.0060012345047903825,9.940345654667665
22690,70063000000.0,66454000000.0,5,3,False,True,0.013309001290344513,True,699875240000.0,3931.0,2026-03-13,700630000000.0,0.0010784207768230235,9.989227409617058
95130,88265000000.0,32676000000.0,5,3,False,True,0.28200556247151853,True,892633680000.0,3933.0,2026-03-13,882650000000.0,-0.011184520843981598,10.113110292868068
82670,144737000000.0,237747000000.0,5,2,False,False,-0.11668393256558407,False,1472012520000.0,2019.0,2026-03-13,1447370000000.0,-0.016740700004372246,10.170257225173936
34020,71039000000.0,103816000000.0,5,3,False,True,-0.09048862102216482,False,725351760000.0,1134.0,2026-03-13,710390000000.0,-0.020626902456264806,10.21061332507496
46840,66265000000.0,58566000000.0,5,3,False,True,0.031358518022351456,True,686926240000.0,4004.0,2026-03-13,662650000000.0,-0.0353403882198473,10.366350863955331
45060,109774000000.0,-8179000000.0,5,3,False,True,,False,1168142650000.0,1835.0,2026-03-13,1097740000000.0,-0.06026888068850153,10.641341756700129
63670,307910000000.0,318740000000.0,5,3,False,True,-0.008604812583097421,False,3300135450000.0,19055.0,2026-03-13,3079100000000.0,-0.0669776902641981,10.717857328440129
79360,142519000000.0,100111000000.0,5,3,False,True,0.09231460805117075,True,1528397400000.0,4460.0,2026-03-13,1425190000000.0,-0.06752654774209901,10.724165900686925
68410,60423000000.0,58416000000.0,5,3,False,True,0.008480760171060364,True,672189030000.0,5589.0,2026-03-13,604230000000.0,-0.10110106973926665,11.12472121543121
86970,81308000000.0,69441000000.0,5,3,False,True,0.04022988852181841,True,931459715000.0,1854.5,2026-03-13,813080000000.0,-0.12709053659932035,11.45594178924583
67620,230737000000.0,209093000000.0,5,3,False,True,0.024930546902102613,True,2691767640000.0,2154.0,2026-03-13,2307370000000.0,-0.14280491164534542,11.665955785157994
69810,203012000000.0,234161000000.0,5,3,False,True,-0.035056719052639296,False,2388998000000.0,3650.0,2026-03-13,2030120000000.0,-0.15022113873682608,11.767767422615412
67020,211001000000.0,125269000000.0,5,3,False,True,0.13922688573117825,True,2505038250000.0,3575.0,2026-03-13,2110010000000.0,-0.15769350028886783,11.872162928137781
67520,157779000000.0,348308000000.0,5,2,False,False,-0.1796079609116633,False,1920701480000.0,2610.5,2026-03-13,1577790000000.0,-0.17853450084288996,12.173365783786181
45430,144867000000.0,133496000000.0,5,3,False,True,0.020646389029246093,True,1804069350000.0,2071.5,2026-03-13,1448670000000.0,-0.19699871848052847,12.453280250160493
47040,57777000000.0,48105000000.0,5,3,False,True,0.04686623420470437,True,726058330000.0,5381.0,2026-03-13,577770000000.0,-0.20423748874281217,12.566563338352632
65040,74027000000.0,18091000000.0,5,2,False,False,0.4222694906078803,True,949128700000.0,11390.0,2026-03-13,740270000000.0,-0.22005308658351602,12.821385440447404
73090,51677000000.0,65085000000.0,5,3,False,True,-0.05603890340141515,False,671224400000.0,16280.0,2026-03-13,516770000000.0,-0.2301084406347564,12.98884223155369
18120,108672000000.0,136226000000.0,5,2,False,False,-0.05492905005277038,False,1447427040000.0,6184.0,2026-03-13,1086720000000.0,-0.24920568017024194,13.31922703180212
67230,201166000000.0,222977000000.0,5,3,False,True,-0.02540623619551652,False,2694751740000.0,2461.5,2026-03-13,2011660000000.0,-0.2534896739690017,13.395661990594832
36260,54803000000.0,48884000000.0,5,3,False,True,0.028985842343050905,True,745094790000.0,3399.0,2026-03-13,548030000000.0,-0.26448284519611254,13.595875955695856
68610,416381000000.0,397033000000.0,5,3,False,True,0.011966357220768886,True,5705064800000.0,60880.0,2026-03-13,4163810000000.0,-0.2701555291712024,13.70154930220159
97660,101788000000.0,86700000000.0,5,3,False,True,0.040924836438871015,True,1414565300000.0,20830.0,2026-03-13,1017880000000.0,-0.2804291184012502,13.8971715722875
45680,233775000000.0,248311000000.0,5,3,False,True,-0.014967575044152803,False,3255931200000.0,2818.5,2026-03-13,2337750000000.0,-0.2820026418248641,13.92762784728906
95010,258406000000.0,64699000000.0,5,2,False,False,0.4136804636678868,True,3671109015000.0,640.5,2026-03-13,2584060000000.0,-0.2961091622608761,14.206748353366407
82270,48177000000.0,46559000000.0,5,3,False,True,0.008576923641283818,True,686188800000.0,3520.0,2026-03-13,481770000000.0,-0.29790460001678837,14.24307864748739
81130,57014000000.0,37542000000.0,5,3,False,False,0.11011002981027418,True,816611700000.0,917.5,2026-03-13,570140000000.0,-0.3018223961278047,14.3230031220402
41820,50851000000.0,49030000000.0,5,2,False,False,0.009158543213836579,True,728844820000.0,4118.0,2026-03-13,508510000000.0,-0.30230690258593046,14.332949597844683
72670,591505000000.0,1139920000000.0,5,3,False,True,-0.15126715021720327,False,8670602880000.0,1368.0,2026-03-13,5915050000000.0,-0.31780406946742784,14.658545371552227
62010,85982000000.0,180953000000.0,5,2,False,False,-0.1697470281387945,False,1285616800000.0,20560.0,2026-03-13,859820000000.0,-0.33120040123931177,14.95216208043544
68690,48657000000.0,67345000000.0,5,3,False,True,-0.07804442922781485,False,732963840000.0,1403.5,2026-03-13,486570000000.0,-0.33616097623588087,15.063892965041001
62730,137564000000.0,142793000000.0,5,3,False,True,-0.009283332749449702,False,2197178000000.0,66200.0,2026-03-13,1375640000000.0,-0.3739059830382427,15.972042104038847
30640,46192000000.0,37066000000.0,5,3,False,True,0.056568749550061304,True,739802250000.0,1894.5,2026-03-13,461920000000.0,-0.37561693006475716,16.015809014547973
67010,185161000000.0,126166000000.0,5,3,False,True,0.10065648262597238,True,2972365110000.0,4257.0,2026-03-13,1851610000000.0,-0.3770583587559336,16.052868098573672
53320,40419000000.0,41506000000.0,5,3,False,True,-0.006612546170901901,False,662493160000.0,5789.0,2026-03-13,404190000000.0,-0.38989558775218147,16.39063707662238
40210,44984000000.0,41080000000.0,5,3,False,True,0.022955893807529826,True,738732480000.0,6386.0,2026-03-13,449840000000.0,-0.39106508488702163,16.42211630802063
24130,62346000000.0,50101000000.0,5,3,False,True,0.05618634948594092,True,1075866220000.0,1664.5,2026-03-13,623460000000.0,-0.42050415896504306,17.256379238443525
41830,54644000000.0,66901000000.0,5,3,False,True,-0.04933508047075308,False,946454315000.0,1931.5,2026-03-13,546440000000.0,-0.4226451384502378,17.32037030598053
54010,107051000000.0,547960000000.0,5,2,False,False,-0.3351702151955974,False,1877424612000.0,593.2,2026-03-13,1070510000000.0,-0.429798675719076,17.537665337082327
40630,498026000000.0,584439000000.0,5,3,False,True,-0.039210591656742344,False,8869816410000.0,6531.0,2026-03-13,4980260000000.0,-0.43851599967896066,17.809946488737534
79110,44811000000.0,27720000000.0,5,3,False,True,0.12758126780003654,True,825616800000.0,5022.0,2026-03-13,448110000000.0,-0.457242149142314,18.42442257481422
77330,70252000000.0,108795000000.0,5,3,False,True,-0.10357813915997838,False,1330380285000.0,1310.5,2026-03-13,702520000000.0,-0.4719404609938278,18.937258512213177
72700,66284000000.0,369150000000.0,5,2,False,False,-0.3490442628566257,False,1256768070000.0,2624.5,2026-03-13,662840000000.0,-0.4725836724989361,18.960353478969285
66740,37971000000.0,31775000000.0,5,3,False,True,0.04554232631854682,True,726552630000.0,5193.0,2026-03-13,379710000000.0,-0.4773812875744459,19.13440862763688
69710,70621000000.0,12275000000.0,5,3,False,True,0.5487384855392041,True,1400951640000.0,2533.0,2026-03-13,706210000000.0,-0.49590693937158314,19.83760694411011
63610,113802000000.0,97953000000.0,5,3,False,True,0.03820481383138308,True,2319929700000.0,4835.0,2026-03-13,1138020000000.0,-0.5094592737012678,20.38566721147256
63830,100816000000.0,71546000000.0,5,3,False,True,0.08952205500207056,True,2063380830000.0,5727.0,2026-03-13,1008160000000.0,-0.5114038158433409,20.466799218378036
96970,54302000000.0,31020000000.0,5,3,False,True,0.15025335318837052,True,1113130000000.0,3545.0,2026-03-13,543020000000.0,-0.5121683900353059,20.498876652793637
18030,38920000000.0,1769000000.0,5,3,False,False,1.16576459449033,True,804034800000.0,3114.0,2026-03-13,389200000000.0,-0.5159413498022722,20.658653648509762
91010,100122000000.0,178149000000.0,5,3,False,True,-0.1341622201007494,False,2323454400000.0,5640.0,2026-03-13,1001220000000.0,-0.5690812782897741,23.2062323964763
91070,68721000000.0,92245000000.0,5,3,False,True,-0.07095519577231213,False,1636220760000.0,2643.5,2026-03-13,687210000000.0,-0.5800016618784375,23.809618020692366
91040,102744000000.0,89185000000.0,5,3,False,False,0.03601528581395996,True,2520403600000.0,6116.0,2026-03-13,1027440000000.0,-0.5923510028314513,24.53090788756521
77350,77439000000.0,24386000000.0,5,2,False,False,0.3349186225874481,True,2036934500000.0,18575.0,2026-03-13,774390000000.0,-0.6198257725027486,26.303729387001383
58020,271045000000.0,206839000000.0,5,3,False,True,0.06992230798028709,True,7360587700000.0,10390.0,2026-03-13,2710450000000.0,-0.6317617409816338,27.156330867568116
89050,52146000000.0,46411000000.0,5,3,False,True,0.029556105840048197,True,1505550090000.0,2755.5,2025-06-26,521460000000.0,-0.6536415470573949,28.871823150385456
69540,127704000000.0,110496000000.0,5,3,False,True,0.03684654773791651,True,3691399550000.0,6103.0,2026-03-13,1277040000000.0,-0.6540499117739774,28.90590388711395
80020,190603000000.0,85410000000.0,5,2,False,False,0.2222365097958965,True,5526368040000.0,5591.0,2026-03-13,1906030000000.0,-0.6551025942890333,28.994129368373006
80350,419293000000.0,513521000000.0,5,3,False,True,-0.04941742091383017,False,12386503800000.0,38340.0,2026-03-13,4192930000000.0,-0.6614920507270179,29.541403743921315
65320,35193000000.0,28747000000.0,5,3,False,True,0.05187937616866045,True,1128218650000.0,4307.0,2026-03-13,351930000000.0,-0.6880657840570177,32.05804137186372
16620,32080000000.0,44510000000.0,5,3,False,True,-0.07860852155341036,False,1049170240000.0,2572.0,2026-03-13,320800000000.0,-0.694234560065295,32.70480798004988
66450,33855000000.0,35904000000.0,5,3,False,True,-0.01458312376539106,False,1120219760000.0,4532.0,2026-03-13,338550000000.0,-0.6977825136739241,33.08875380298331
99830,210914000000.0,304217000000.0,5,2,False,False,-0.08750502352571132,False,7192900000000.0,65000.0,2026-03-13,2109140000000.0,-0.7067747361981954,34.10347345363513
77290,20932000000.0,19075000000.0,5,3,False,True,0.023496931260571285,True,782878650000.0,14415.0,2026-03-13,209320000000.0,-0.732627783373579,37.40104385629658
94120,26520000000.0,21285000000.0,5,3,False,True,0.056513294483157894,True,1047131350000.0,3095.0,2026-03-13,265200000000.0,-0.7467366438794903,39.48459087481146
81360,62398000000.0,41093000000.0,5,3,False,True,0.11007086787776488,True,2584157520000.0,5487.0,2026-03-13,623980000000.0,-0.7585363913884011,41.41410814449181
62690,68498000000.0,51066000000.0,5,3,False,True,0.07618395444738746,True,2881080000000.0,13590.0,2026-03-13,684980000000.0,-0.7622488788926375,42.0607900960612
45810,19017000000.0,23124000000.0,5,2,False,True,-0.04770882114298125,False,828828000000.0,8580.0,2024-04-08,190170000000.0,-0.7705555314250967,43.58353052531945
69760,16519000000.0,8402000000.0,5,3,False,True,0.18413241263728453,True,726192000000.0,3936.0,2026-03-13,165190000000.0,-0.7725257232247119,43.96101458926085
74530,28383000000.0,21957000000.0,5,3,False,False,0.0662801485938489,True,1318256160000.0,3757.0,2026-03-13,283830000000.0,-0.784692832385475,46.445272169960894
67870,17503000000.0,14648000000.0,5,3,False,True,0.04552287785262843,True,908012400000.0,23640.0,2026-03-13,175030000000.0,-0.8072383152476772,51.87752956636005
50320,16909000000.0,10965000000.0,5,3,False,True,0.11436463751555426,True,904825550000.0,3595.0,2026-03-13,169090000000.0,-0.8131241983606674,53.511476136968476
79740,300393000000.0,247597000000.0,5,3,False,True,0.04950885567119423,True,16221490600000.0,10220.0,2026-03-13,3003930000000.0,-0.8148178811631528,54.00089416198114
53440,17124000000.0,19734000000.0,5,3,False,True,-0.034843980079907966,False,978253200000.0,58860.0,2026-03-13,171240000000.0,-0.824953294300494,57.12761037140855
68570,346006000000.0,164126000000.0,5,3,False,True,0.20497090642633697,True,19915665000000.0,23650.0,2026-03-13,3460060000000.0,-0.8262644004104307,57.558727305306846
65060,33195000000.0,34313000000.0,5,3,False,True,-0.008247062082721413,False,1912613930000.0,4567.0,2026-03-13,331950000000.0,-0.8264417116317876,57.61753065220666
70130,102536000000.0,103463000000.0,5,3,False,True,-0.0022474966989765033,False,6226183620000.0,3734.0,2026-03-13,1025360000000.0,-0.8353148473317914,60.72192810330031
65900,12326000000.0,9296000000.0,5,3,False,True,0.07307854589429752,True,782736750000.0,4575.0,2026-03-13,123260000000.0,-0.8425268776507555,63.50290037319487
65250,32519000000.0,39714000000.0,5,3,False,True,-0.04874185660891628,False,2161326200000.0,5332.0,2026-03-13,325190000000.0,-0.8495414528357635,66.46348903717826
40040,46676000000.0,89036000000.0,5,2,False,False,-0.14909319359772555,False,3120543000000.0,11100.0,2026-03-13,466760000000.0,-0.8504234679669532,66.85540748993058
47550,14382000000.0,52975000000.0,5,3,False,True,-0.2781664233170832,False,969934430000.0,765.5,2026-03-13,143820000000.0,-0.8517219354714525,67.44085871227924
56310,17525000000.0,17035000000.0,5,3,False,True,0.007114786129150064,True,1299176000000.0,10040.0,2026-03-13,175250000000.0,-0.8651068061602123,74.13272467902996
70030,31116000000.0,13756000000.0,5,3,False,True,0.22637389925805818,True,2641515210000.0,6309.0,2026-03-13,311160000000.0,-0.8822039718635578,84.89250578480525
40620,44527000000.0,47621000000.0,5,2,False,False,-0.016654281603852406,False,4245322620000.0,7854.0,2026-03-13,445270000000.0,-0.8951151561715703,95.34265995912592
35630,13463000000.0,9579000000.0,5,3,False,False,0.08881831653993566,True,1321162000000.0,9640.0,2026-03-13,134630000000.0,-0.8980972810298813,98.13280843794102
57060,71723000000.0,56215000000.0,5,3,False,True,0.06280002986005973,True,7191081800000.0,31580.0,2026-03-13,717230000000.0,-0.9002611818433215,100.26186578921684
65940,21107000000.0,175536000000.0,5,1,False,False,-0.4111359004477759,False,2119567700000.0,2315.0,2026-03-13,211070000000.0,-0.9004183730484286,100.42013076230634
61460,126212000000.0,121490000000.0,5,3,False,True,0.009578351042094813,True,12762993500000.0,69610.0,2026-03-13,1262120000000.0,-0.9011109736912426,101.12345498050898
50160,124805000000.0,112484000000.0,4,2,False,True,0.035254382428545616,True,13434295500000.0,4050.0,2026-03-13,1248050000000.0,-0.9070997061215454,107.64228596610712
31410,22809000000.0,18882000000.0,5,3,False,False,0.048369947451246675,True,2458574800000.0,3160.0,2025-11-26,228090000000.0,-0.9072267396542094,107.78967951247314
97490,6346000000.0,6064000000.0,5,3,False,False,0.011428574012688708,True,685020000000.0,9800.0,2025-05-15,63460000000.0,-0.90736036904032,107.94516230696502
31030,9030000000.0,4294000000.0,5,3,False,True,0.2042216408062596,True,1092687680000.0,1336.0,2026-03-13,90300000000.0,-0.917359734485155,121.00638759689923
70120,45805000000.0,-5305000000.0,5,4,True,True,,False,6132049000000.0,16420.0,2026-03-13,458050000000.0,-0.9253022929203599,133.87291780373323
96130,57786000000.0,58626000000.0,5,3,False,False,-0.0036014373077150053,False,7959222050000.0,3965.0,2025-09-25,577860000000.0,-0.9273974269884832,137.73616533416399
65020,22265000000.0,2738000000.0,5,3,False,False,0.6886798215418097,True,3708398700000.0,4590.0,2023-12-19,222650000000.0,-0.9399606088741214,166.55731866157646
34530,4565000000.0,4379000000.0,5,2,False,False,0.01045379462558893,True,839295600000.0,268000.0,2023-10-27,45650000000.0,-0.9456091512930606,183.8544578313253
285A0,273574000000.0,451748000000.0,5,2,False,True,-0.11784551703678725,False,52211919650000.0,21065.0,2026-03-13,2735740000000.0,-0.9476031523387974,190.85117609860586
32780,5222000000.0,4822000000.0,5,3,False,False,0.02012270862046517,True,1087716650000.0,210500.0,2023-10-27,52220000000.0,-0.9519911734365747,208.2950306396017
68340,4844000000.0,1704000000.0,5,3,False,True,0.298475130327706,True,1032943800000.0,27370.0,2026-03-13,48440000000.0,-0.9531049027062266,213.24190751445087
31100,14933000000.0,11811000000.0,5,3,False,True,0.06038871918401534,True,3416644800000.0,22140.0,2026-03-13,149330000000.0,-0.9562933788142097,228.79828567601956
33500,6287000000.0,350000000.0,5,4,True,True,1.0587037423942633,True,1554156720000.0,373.0,2026-03-13,62870000000.0,-0.9595471941851527,247.20164148242404
69630,9703000000.0,-11080000000.0,5,3,False,True,,False,2858460000000.0,3300.0,2026-03-13,97030000000.0,-0.9660551485765062,294.5954859321859
58030,142196000000.0,96274000000.0,5,3,False,True,0.1024136725276743,True,46808330400000.0,26520.0,2026-03-13,1421960000000.0,-0.9696216466631333,329.18176601310864
69200,62991000000.0,63662000000.0,5,3,False,False,-0.00264548931406694,False,26968034500000.0,37550.0,2026-03-13,629910000000.0,-0.97664234670124,428.1252004254576
59850,5580000000.0,2090000000.0,5,3,False,True,0.2782681802011653,True,2784852300000.0,2118.0,2026-03-13,55800000000.0,-0.9799630307144117,499.07747311827956
215A0,2108000000.0,1413000000.0,5,3,False,False,0.10517769472177019,True,1154712650000.0,1295.0,2026-03-13,21080000000.0,-0.9817443759709397,547.7763994307401
69650,2403000000.0,4281000000.0,5,3,False,False,-0.1344301195100467,False,1498969810000.0,2069.0,2026-03-13,24030000000.0,-0.9839689900092117,623.7910153974199
62270,2857000000.0,86000000.0,5,3,False,False,1.4007832217084197,True,1785338000000.0,22300.0,2026-03-13,28570000000.0,-0.9839974279380151,624.8995449772489
58010,35137000000.0,31400000000.0,5,3,False,True,0.028510566082190714,True,29225780100000.0,30690.0,2026-03-13,351370000000.0,-0.9879773953407663,831.7665167771864
91300,824000000.0,913000000.0,5,3,False,True,-0.025315390423073736,False,1011478820000.0,2599.0,2026-03-13,8240000000.0,-0.9918535120685967,1227.5228398058252
34360,1342000000.0,36924000000.0,5,1,False,False,-0.5633726426724919,False,1719892190000.0,1567.0,2026-03-13,13420000000.0,-0.9921971853363669,1281.5888152011923
77770,707000000.0,-606000000.0,5,3,False,True,,False,1311697800000.0,567.0,2026-03-13,7070000000.0,-0.9946100389891636,1855.3009900990098
63560,1440000000.0,1534000000.0,5,3,False,True,-0.015684592623952387,False,2916864090000.0,1953.0,2026-03-13,14400000000.0,-0.9950631913055641,2025.6000625
66130,-224000000.0,-333000000.0,5,1,False,False,-0.09436969630410041,False,3217935000000.0,1140.0,2026-03-13,-2240000000.0,-1.000696098584962,-14365.78125
65210,-258000000.0,-356000000.0,5,1,False,False,-0.07733844080504004,False,688832100000.0,4455.0,2026-03-13,-2580000000.0,-1.0037454700499584,-2669.891860465116
21600,-3471000000.0,-772000000.0,5,2,False,False,0.45616077556899737,True,815026750000.0,3145.0,2026-03-13,-34710000000.0,-1.0425875592426874,-234.8103572457505
72010,-10107000000.0,568718000000.0,5,2,False,True,,False,1426894914000.0,364.6,2026-03-13,-101070000000.0,-1.0708321257636777,-141.17887741169486
186A0,-7137000000.0,-15683000000.0,5,1,False,False,-0.178662525324367,False,696580700000.0,1070.0,2026-03-13,-71370000000.0,-1.1024576190526094,-97.60133109149503
67400,-18730000000.0,-23735000000.0,5,1,False,False,-0.05748746393793647,False,1750838180000.0,91.0,2026-03-13,-187300000000.0,-1.1069773335648871,-93.47774586225307
63300,-20995000000.0,2035000000.0,5,1,False,False,,False,1202295440000.0,2731.0,2026-03-13,-209950000000.0,-1.174624300330042,-57.26579852345797
72610,-23120000000.0,148254000000.0,5,2,False,False,,False,853858720000.0,1144.0,2026-03-13,-231200000000.0,-1.2707707898093492,-36.93160553633218
49110,-28788000000.0,7575000000.0,5,2,False,False,,False,782397120000.0,3012.0,2026-03-13,-287880000000.0,-1.3679461396790418,-27.17789078782826
