month,entry_date,exit_date,portfolio_return,benchmark_all_return,benchmark_small_return,portfolio_size,filter_pass,cumulative_return_strategy,cumulative_return_all,cumulative_return_small
2017-11,2017-11-01,2017-12-01,0.025157401408037443,0.014222523763596766,0.0162005966239741,55,True,1.0251574014080373,1.0142225237635967,1.016200596623974
2017-12,2017-12-01,2018-01-04,0.07776162158556915,0.04762334340021368,0.05223082803856222,146,True,1.1048753033219747,1.0625231912970219,1.069277595238925
2018-01,2018-01-04,2018-02-01,0.09775956030709812,0.04724442391192373,0.09357889564837668,155,True,1.2128874271689027,1.1127214873629083,1.1693394117429357
2018-02,2018-02-01,2018-03-01,0.0010367537743929697,-0.0498729384489099,-0.026142773350020146,157,True,1.2141448927869338,1.0572267971128784,1.1387696365324942
2018-03,2018-03-01,2018-04-02,0.00788569136365731,-0.011916067903831692,0.01198158364628634,160,True,1.2237192646822124,1.0446288108087307,1.1524139001864595
2018-04,2018-04-02,2018-05-01,-0.02691464973591237,0.005005996421627759,-0.007370519493221414,152,True,1.1907832892982024,1.0498582188975685,1.1439200110708758
2018-05,2018-05-01,2018-06-01,0.02233102235123207,0.0033941565193478145,0.024313457443381634,152,True,1.2173746975469943,1.0534216020156306,1.1717326615786803
2018-06,,,0.0,0.0,0.0,0,False,1.2173746975469943,1.0534216020156306,1.1717326615786803
2018-07,,,0.0,0.0,0.0,0,False,1.2173746975469943,1.0534216020156306,1.1717326615786803
2018-08,2018-08-01,2018-09-03,0.00933702816247736,-0.01655067174952057,-0.002737003236007941,171,True,1.228741359382278,1.035986766866816,1.1685256254922032
2018-09,,,0.0,0.0,0.0,0,False,1.228741359382278,1.035986766866816,1.1685256254922032
2018-10,2018-10-01,2018-11-01,-0.09026304129184691,-0.09597827575946993,-0.07849567998060591,191,True,1.1178314273233554,0.936554543273311,1.0768014119444298
2018-11,,,0.0,0.0,0.0,0,False,1.1178314273233554,0.936554543273311,1.0768014119444298
2018-12,,,0.0,0.0,0.0,0,False,1.1178314273233554,0.936554543273311,1.0768014119444298
2019-01,,,0.0,0.0,0.0,0,False,1.1178314273233554,0.936554543273311,1.0768014119444298
2019-02,,,0.0,0.0,0.0,0,False,1.1178314273233554,0.936554543273311,1.0768014119444298
2019-03,,,0.0,0.0,0.0,0,False,1.1178314273233554,0.936554543273311,1.0768014119444298
2019-04,2019-04-01,2019-05-07,0.0012360722959735338,-0.0035189255714765904,-0.00016236103094532605,180,True,1.1192131477822382,0.933258877541904,1.076626581357063
2019-05,2019-05-07,2019-06-03,-0.0729666289870831,-0.07011086902669292,-0.059999642960852924,188,True,1.0375479372705463,0.8678272866105651,1.0120293708734756
2019-06,2019-06-03,2019-07-01,0.0840967974436518,0.07387873991152896,0.0816036141380593,180,True,1.1248023959892661,0.931941273006195,1.0946146251506177
2019-07,2019-07-01,2019-08-01,0.018881246400144585,0.006283105660939393,0.022429774005658678,179,True,1.1460400671794126,0.9377967584942832,1.119166583816035
2019-08,2019-08-01,2019-09-02,-0.058532135805110456,-0.05530124019355789,-0.05112969840045314,174,True,1.0789598943291694,0.8859354347000509,1.0619439339256556
2019-09,2019-09-02,2019-10-01,0.045695764517048855,0.05871287997885063,0.050987879838231984,187,True,1.128263791583775,0.9379512555466057,1.1160902036235962
2019-10,2019-10-01,2019-11-01,0.06251079864998535,0.04510921074355668,0.049672810106285124,189,True,1.1987924622835373,0.9802614964002412,1.1715295403696762
2019-11,2019-11-01,2019-12-02,0.0696135038784372,0.03896851140271653,0.05230874106748871,189,True,1.2822446060061534,1.018460827700358,1.2328107757497877
2019-12,2019-12-02,2020-01-06,0.0358560371972067,0.012353985315111182,0.034236754632905896,190,True,1.3282208162950278,1.031042877809784,1.2750182157879355
2020-01,2020-01-06,2020-02-03,0.05482162984963798,-0.016376882606209647,0.017150853730837873,183,True,1.4010360462445377,1.0141576096379246,1.296885866711068
2020-02,2020-02-03,2020-03-02,-0.1518624430471124,-0.11921321375624465,-0.1375810990056496,175,True,1.1882712894647751,0.8932566217376365,1.118458883884065
2020-03,,,0.0,0.0,0.0,0,False,1.1882712894647751,0.8932566217376365,1.118458883884065
2020-04,,,0.0,0.0,0.0,0,False,1.1882712894647751,0.8932566217376365,1.118458883884065
2020-05,,,0.0,0.0,0.0,0,False,1.1882712894647751,0.8932566217376365,1.118458883884065
2020-06,,,0.0,0.0,0.0,0,False,1.1882712894647751,0.8932566217376365,1.118458883884065
2020-07,,,0.0,0.0,0.0,0,False,1.1882712894647751,0.8932566217376365,1.118458883884065
2020-08,,,0.0,0.0,0.0,0,False,1.1882712894647751,0.8932566217376365,1.118458883884065
2020-09,,,0.0,0.0,0.0,0,False,1.1882712894647751,0.8932566217376365,1.118458883884065
2021-08,2021-08-02,2021-09-01,0.0016369354183236211,0.013111800127603839,0.005852279690157381,174,True,1.1902164128250772,0.9049688240245191,1.1250044180944958
2021-09,2021-09-01,2021-10-01,0.018966247101026866,-0.0006518464814215345,0.010918777806323245,163,True,1.2127903514144154,0.9043789232807824,1.1372880913668018
2021-10,2021-10-01,2021-11-01,-0.0021768284384250077,0.00990641815451293,0.012113766594463813,161,True,1.210150314887609,0.91333807906493,1.1510649338562824
2021-11,2021-11-01,2021-12-01,-0.0056633013129026005,-0.0649013274205612,-0.040296252356089746,164,True,1.2032968690204964,0.8540612253498706,1.104681330803364
2021-12,,,0.0,0.0,0.0,0,False,1.2032968690204964,0.8540612253498706,1.104681330803364
2022-01,,,0.0,0.0,0.0,0,False,1.2032968690204964,0.8540612253498706,1.104681330803364
2022-02,,,0.0,0.0,0.0,0,False,1.2032968690204964,0.8540612253498706,1.104681330803364
2022-03,,,0.0,0.0,0.0,0,False,1.2032968690204964,0.8540612253498706,1.104681330803364
2022-04,,,0.0,0.0,0.0,0,False,1.2032968690204964,0.8540612253498706,1.104681330803364
2022-05,,,0.0,0.0,0.0,0,False,1.2032968690204964,0.8540612253498706,1.104681330803364
2022-06,,,0.0,0.0,0.0,0,False,1.2032968690204964,0.8540612253498706,1.104681330803364
2022-07,,,0.0,0.0,0.0,0,False,1.2032968690204964,0.8540612253498706,1.104681330803364
2022-08,2022-08-01,2022-09-01,0.0208101495161202,0.002003235711930021,0.013645668587133387,168,True,1.228337656777092,0.8557721112966661,1.1197554461379002
2022-09,2022-09-01,2022-10-03,-0.02268730383853922,-0.03635707741135661,-0.03804428146762666,179,True,1.2004699871414708,0.8246587383997731,1.0771551547701221
2022-10,,,0.0,0.0,0.0,0,False,1.2004699871414708,0.8246587383997731,1.0771551547701221
2022-11,2022-11-01,2022-12-01,0.037078145641993035,0.03394084808014004,0.0359586890260996,171,True,1.2449811881635438,0.8526483553577597,1.1158882420133611
2022-12,2022-12-01,2023-01-04,-0.048050216279955406,-0.05036862421331864,-0.04447443878360432,165,True,1.1851595728078095,0.8097016307606405,1.066259738704594
2023-01,,,0.0,0.0,0.0,0,False,1.1851595728078095,0.8097016307606405,1.066259738704594
2023-02,,,0.0,0.0,0.0,0,False,1.1851595728078095,0.8097016307606405,1.066259738704594
2023-03,,,0.0,0.0,0.0,0,False,1.1851595728078095,0.8097016307606405,1.066259738704594
2023-04,,,0.0,0.0,0.0,0,False,1.1851595728078095,0.8097016307606405,1.066259738704594
2023-05,,,0.0,0.0,0.0,0,False,1.1851595728078095,0.8097016307606405,1.066259738704594
2023-06,2023-06-01,2023-07-03,0.08652696968198914,0.06968663609398855,0.07089593066876224,177,True,1.28770783923247,0.8661270136481664,1.1418532152146874
2023-07,2023-07-03,2023-08-01,0.016761834618055044,0.000871637282910726,0.0002258189747136744,172,True,1.3092921850700576,0.8668819622449982,1.1421110673370207
2023-08,2023-08-01,2023-09-01,0.02040039253430795,0.015083815608203828,0.021291839841809594,177,True,1.3360022595875884,0.8799578499175797,1.1664287132643187
2023-09,2023-09-01,2023-10-02,0.009006381994915377,-0.009798633112566103,0.011632886289154194,187,True,1.3480348062835044,0.8713354657917148,1.179997645850127
2023-10,2023-10-02,2023-11-01,-0.05766195245750818,-0.035476759982798714,-0.0498729486612691,188,True,1.2703044873725187,0.840423306607322,1.121147683838225
2023-11,,,0.0,0.0,0.0,0,False,1.2703044873725187,0.840423306607322,1.121147683838225
2023-12,,,0.0,0.0,0.0,0,False,1.2703044873725187,0.840423306607322,1.121147683838225
2024-01,,,0.0,0.0,0.0,0,False,1.2703044873725187,0.840423306607322,1.121147683838225
2024-02,,,0.0,0.0,0.0,0,False,1.2703044873725187,0.840423306607322,1.121147683838225
2024-03,,,0.0,0.0,0.0,0,False,1.2703044873725187,0.840423306607322,1.121147683838225
2024-04,2024-04-01,2024-05-01,-0.024485925565800332,-0.020529841367715566,-0.019948616334118808,161,True,1.239199906248813,0.8231695494409428,1.0987823388394504
2024-05,2024-05-01,2024-06-03,-0.000743251857219395,0.0037223098441494813,0.007625643313970092,158,True,1.2382788686170276,0.8262336415582309,1.1071612610351298
2024-06,2024-06-03,2024-07-01,0.030768200479913847,0.031210926464917552,0.0420036927025595,161,True,1.2763784810966774,0.8520211589877459,1.1536661224158278
2024-07,2024-07-01,2024-08-01,-0.018626590838121987,-0.025385045418589332,-0.017199668288587065,163,True,1.252603901374706,0.8303925631692428,1.133823447794495
2024-08,,,0.0,0.0,0.0,0,False,1.252603901374706,0.8303925631692428,1.133823447794495
2024-09,,,0.0,0.0,0.0,0,False,1.252603901374706,0.8303925631692428,1.133823447794495
2024-10,,,0.0,0.0,0.0,0,False,1.252603901374706,0.8303925631692428,1.133823447794495
2024-11,,,0.0,0.0,0.0,0,False,1.252603901374706,0.8303925631692428,1.133823447794495
2024-12,,,0.0,0.0,0.0,0,False,1.252603901374706,0.8303925631692428,1.133823447794495
2025-01,,,0.0,0.0,0.0,0,False,1.252603901374706,0.8303925631692428,1.133823447794495
2025-02,,,0.0,0.0,0.0,0,False,1.252603901374706,0.8303925631692428,1.133823447794495
2025-03,,,0.0,0.0,0.0,0,False,1.252603901374706,0.8303925631692428,1.133823447794495
2025-04,,,0.0,0.0,0.0,0,False,1.252603901374706,0.8303925631692428,1.133823447794495
2025-05,,,0.0,0.0,0.0,0,False,1.252603901374706,0.8303925631692428,1.133823447794495
2025-06,2025-06-02,2025-07-01,0.027441614064680132,0.027573770871941235,0.03454859848461037,193,True,1.286977374212143,0.8532896174398356,1.1729954588447837
2025-07,2025-07-01,2025-08-01,0.05052025407658324,0.056718669882675286,0.056311806499787925,194,True,1.3519957981481545,0.90168706956572,1.239048952148381
2025-08,2025-08-01,2025-09-01,0.07422309118752853,0.050152075346706335,0.07305489551615135,193,True,1.4523451055592604,0.9469085474177309,1.3295675438869778
2025-09,2025-09-01,2025-10-01,-0.0243923051173053,-0.018021872816492538,-0.027194566528829813,194,True,1.416919060608834,0.9298434820073188,1.2934105308601707
2025-10,2025-10-01,2025-11-04,-0.0019512894368889852,0.009297111114116583,-0.006577400637303662,194,True,1.4141542414129413,0.938488340178278,1.2849032516101957
2025-11,2025-11-04,2025-12-01,0.050587304870757376,0.01764963259685235,0.021643452451723937,191,True,1.4856924931575726,0.9550523145788543,1.3127129940414866
