date,portfolio,total_value,cumulative_return,drawdown
2017-01-31,ベースライン（フィルタなし）,10000000.0,,0.0
2017-02-28,ベースライン（フィルタなし）,9926260.0,-0.007373999999999992,-0.007374
2017-03-31,ベースライン（フィルタなし）,9414770.0,-0.05852299999999999,-0.058523
2017-04-28,ベースライン（フィルタなし）,9309800.0,-0.06902000000000008,-0.06902
2017-05-31,ベースライン（フィルタなし）,9762490.0,-0.023751000000000078,-0.023751
2017-06-30,ベースライン（フィルタなし）,10267480.0,0.026747999999999994,0.0
2017-07-31,ベースライン（フィルタなし）,10343090.0,0.03430899999999992,0.0
2017-08-31,ベースライン（フィルタなし）,10654440.0,0.06544400000000006,0.0
2017-09-29,ベースライン（フィルタなし）,11045010.0,0.10450100000000018,0.0
2017-10-31,ベースライン（フィルタなし）,11979840.0,0.19798400000000016,0.0
2017-11-30,ベースライン（フィルタなし）,12053140.0,0.205314,0.0
2017-12-29,ベースライン（フィルタなし）,12444490.0,0.24444899999999992,0.0
2018-01-31,ベースライン（フィルタなし）,12030626.0145,0.20306260144999988,-0.033256805662586444
2018-02-28,ベースライン（フィルタなし）,11765876.0145,0.17658760144999985,-0.05453128135423793
2018-03-30,ベースライン（フィルタなし）,11412536.0145,0.14125360144999988,-0.08292457027166243
2018-04-27,ベースライン（フィルタなし）,11711386.0145,0.17113860145000004,-0.0589099260395565
2018-05-31,ベースライン（フィルタなし）,11742856.0145,0.17428560145000005,-0.05638109601116642
2018-06-29,ベースライン（フィルタなし）,11123576.0145,0.11235760145000007,-0.10614448527018788
2018-07-31,ベースライン（フィルタなし）,11578586.0145,0.15785860145000008,-0.06958131554607705
2018-08-31,ベースライン（フィルタなし）,11507066.0145,0.15070660145000003,-0.07532843736464896
2018-09-28,ベースライン（フィルタなし）,11293186.0145,0.12931860145000007,-0.09251516016325301
2018-10-31,ベースライン（フィルタなし）,10578826.0145,0.057882601450000015,-0.14991887859606945
2018-11-30,ベースライン（フィルタなし）,10529286.0145,0.05292860144999989,-0.15389975688035432
2018-12-28,ベースライン（フィルタなし）,9489126.0145,-0.05108739855000011,-0.23748373661757136
2019-01-31,ベースライン（フィルタなし）,9261656.0145,-0.07383439855000018,-0.2557625089899225
2019-02-28,ベースライン（フィルタなし）,9245886.0145,-0.07541139855000012,-0.25702973649382177
2019-03-29,ベースライン（フィルタなし）,8660356.0145,-0.1339643985500002,-0.3040810821094316
2019-04-26,ベースライン（フィルタなし）,8326116.0145,-0.1673883985500002,-0.33093955521680685
2019-05-31,ベースライン（フィルタなし）,7715376.0145,-0.22846239855000028,-0.3800166969879843
2019-06-28,ベースライン（フィルタなし）,7654646.0145,-0.23453539855000027,-0.3848967684091514
2019-07-31,ベースライン（フィルタなし）,7322886.0145,-0.26771139855000026,-0.4115559565317663
2019-08-30,ベースライン（フィルタなし）,6560896.0145,-0.3439103985500003,-0.47278707166786266
2019-09-30,ベースライン（フィルタなし）,6900126.0145,-0.30998739855000024,-0.445527617885506
2019-10-31,ベースライン（フィルタなし）,7089226.0145,-0.29107739855000025,-0.4303321377975313
2019-11-29,ベースライン（フィルタなし）,7355216.0145,-0.2644783985500002,-0.40895801961349965
2019-12-30,ベースライン（フィルタなし）,7298226.0145,-0.2701773985500002,-0.4135375564205524
2020-01-31,ベースライン（フィルタなし）,6965288.806,-0.30347111940000016,-0.44029134130848274
2020-02-28,ベースライン（フィルタなし）,6322678.806,-0.36773211940000017,-0.49192945584752773
2020-03-31,ベースライン（フィルタなし）,5128528.806,-0.4871471194000002,-0.5878875867150843
2020-04-30,ベースライン（フィルタなし）,5411308.806,-0.4588691194000002,-0.5651642770414859
2020-05-29,ベースライン（フィルタなし）,5564348.806,-0.4435651194000002,-0.5528664649174052
2020-06-30,ベースライン（フィルタなし）,5013008.806,-0.4986991194000002,-0.5971704098761781
2020-07-31,ベースライン（フィルタなし）,4878368.806,-0.5121631194000003,-0.6079896559842951
2020-08-31,ベースライン（フィルタなし）,4798068.806,-0.5201931194000002,-0.6144423109343975
2020-09-30,ベースライン（フィルタなし）,4723848.806,-0.5276151194000002,-0.6204063962444424
2020-10-30,ベースライン（フィルタなし）,3609188.806,-0.6390811194000001,-0.7099769612093384
2020-11-30,ベースライン（フィルタなし）,3769468.806,-0.6230531194000002,-0.6970973655007155
2020-12-30,ベースライン（フィルタなし）,3691278.806,-0.6308721194000001,-0.7033804675000743
2021-01-29,ベースライン（フィルタなし）,3559174.9839999997,-0.6440825016000001,-0.7139959143363851
2021-02-26,ベースライン（フィルタなし）,3628814.9839999997,-0.6371185016,-0.7083998633933573
2021-03-31,ベースライン（フィルタなし）,3804614.9839999997,-0.6195385016000001,-0.6942731293930086
2021-04-30,ベースライン（フィルタなし）,3536264.9839999997,-0.6463735016000002,-0.7158368897399573
2021-05-31,ベースライン（フィルタなし）,3475144.9839999997,-0.6524855016000002,-0.7207483003321149
2021-06-30,ベースライン（フィルタなし）,3323874.9839999997,-0.6676125016000002,-0.7329038808340077
2021-07-30,ベースライン（フィルタなし）,3349664.9839999997,-0.6650335016000002,-0.7308314777061977
2021-08-31,ベースライン（フィルタなし）,3433324.9839999997,-0.6566675016000003,-0.7241088237444846
2021-09-30,ベースライン（フィルタなし）,3415254.9839999997,-0.6584745016000002,-0.7255608720003793
2021-10-29,ベースライン（フィルタなし）,3191144.9839999997,-0.6808855016000003,-0.7435696453611197
2021-11-30,ベースライン（フィルタなし）,2935814.9839999997,-0.7064185016000002,-0.7640871595380767
2021-12-30,ベースライン（フィルタなし）,2808324.9839999997,-0.7191675016000002,-0.7743318541780339
2022-01-31,ベースライン（フィルタなし）,2649010.3009999995,-0.7350989699000001,-0.7871338800545463
2022-02-28,ベースライン（フィルタなし）,2591950.3009999995,-0.7408049699000001,-0.7917190418410076
2022-03-31,ベースライン（フィルタなし）,2472090.3009999995,-0.7527909699000002,-0.8013506137254319
2022-04-28,ベースライン（フィルタなし）,2277440.3009999995,-0.7722559699000001,-0.8169920743236566
2022-05-31,ベースライン（フィルタなし）,2321090.3009999995,-0.7678909699000002,-0.8134844978781774
2022-06-30,ベースライン（フィルタなし）,2345280.3009999995,-0.7654719699000002,-0.8115406657082774
2022-07-29,ベースライン（フィルタなし）,1894190.3009999995,-0.8105809699000002,-0.847788836585509
2022-08-31,ベースライン（フィルタなし）,1822560.3009999995,-0.8177439699000002,-0.8535447976574372
2022-09-30,ベースライン（フィルタなし）,1775880.3009999995,-0.8224119699000001,-0.8572958553544582
2022-10-31,ベースライン（フィルタなし）,1801610.3009999995,-0.8198389699000002,-0.8552282736375698
2022-11-30,ベースライン（フィルタなし）,1938990.3009999995,-0.8061009699000001,-0.8441888497640322
2022-12-30,ベースライン（フィルタなし）,1846350.3009999995,-0.8153649699000002,-0.8516331082270147
2023-01-31,ベースライン（フィルタなし）,1850511.6574999995,-0.8149488342500002,-0.8512987147323836
2023-02-28,ベースライン（フィルタなし）,1803721.6574999995,-0.8196278342500002,-0.8550586116827609
2023-03-31,ベースライン（フィルタなし）,1703971.6574999995,-0.8296028342500001,-0.8630742073399553
2023-04-28,ベースライン（フィルタなし）,1722251.6574999995,-0.8277748342500002,-0.8616052841458349
2023-05-31,ベースライン（フィルタなし）,1615791.6574999995,-0.8384208342500001,-0.870160074257764
2023-06-30,ベースライン（フィルタなし）,1688561.6574999995,-0.8311438342500002,-0.8643125063783249
2023-07-31,ベースライン（フィルタなし）,1731311.6574999995,-0.8268688342500001,-0.8608772510966702
2023-08-31,ベースライン（フィルタなし）,1757371.6574999995,-0.8242628342500001,-0.858783151619713
2023-09-29,ベースライン（フィルタなし）,1790771.6574999995,-0.8209228342500001,-0.856099232873344
2023-10-31,ベースライン（フィルタなし）,1779301.6574999995,-0.8220698342500001,-0.8570209259278605
2023-11-30,ベースライン（フィルタなし）,1868511.6574999995,-0.8131488342500002,-0.8498522914558975
2023-12-29,ベースライン（フィルタなし）,1899931.6574999995,-0.8100068342500001,-0.847327479269942
2024-01-31,ベースライン（フィルタなし）,1972770.5554999996,-0.8027229444500001,-0.8414743749643417
2024-02-29,ベースライン（フィルタなし）,1989400.5554999996,-0.8010599444500002,-0.8401380405705658
2024-03-29,ベースライン（フィルタなし）,2064980.5554999996,-0.7935019444500002,-0.8340646699462976
2024-04-30,ベースライン（フィルタなし）,2001560.5554999996,-0.7998439444500002,-0.8391609012904507
2024-05-31,ベースライン（フィルタなし）,1991320.5554999996,-0.8008679444500002,-0.839983755421074
2024-06-28,ベースライン（フィルタなし）,2031490.5554999996,-0.7968509444500002,-0.8367558208090489
2024-07-31,ベースライン（フィルタなし）,2022200.5554999996,-0.7977799444500002,-0.8375023359334132
2024-08-30,ベースライン（フィルタなし）,1921550.5554999996,-0.8078449444500002,-0.845590252754432
2024-09-30,ベースライン（フィルタなし）,1915170.5554999996,-0.8084829444500001,-0.8461029294490976
2024-10-31,ベースライン（フィルタなし）,1868780.5554999996,-0.8131219444500002,-0.8498306836599974
2024-11-29,ベースライン（フィルタなし）,1865850.5554999996,-0.8134149444500002,-0.8500661292266699
2024-12-30,ベースライン（フィルタなし）,1837590.5554999996,-0.8162409444500002,-0.8523370137707532
2025-01-31,ベースライン（フィルタなし）,1823347.8659999995,-0.8176652134000002,-0.8534815114158957
2025-02-28,ベースライン（フィルタなし）,1924707.8659999995,-0.8075292134000002,-0.8453365412323044
2025-03-31,ベースライン（フィルタなし）,1971007.8659999995,-0.8028992134000001,-0.841616019137787
2025-04-30,ベースライン（フィルタなし）,1976507.8659999995,-0.8023492134000002,-0.8411740564699718
2025-05-30,ベースライン（フィルタなし）,2039907.8659999995,-0.7960092134000002,-0.8360794322627926
2025-06-30,ベースライン（フィルタなし）,2211007.8659999995,-0.7788992134000002,-0.8223303754513042
2025-07-31,ベースライン（フィルタなし）,2306277.8659999995,-0.7693722134000002,-0.8146747784762574
2025-08-29,ベースライン（フィルタなし）,2446427.8659999995,-0.7553572134000002,-0.8034127661318382
2025-09-30,ベースライン（フィルタなし）,2509177.8659999995,-0.7490822134000003,-0.7983703738763099
2025-10-31,ベースライン（フィルタなし）,2436577.8659999995,-0.7563422134000002,-0.804204281091471
2025-11-28,ベースライン（フィルタなし）,2442877.8659999995,-0.7557122134000003,-0.8036980329447008
2025-12-30,ベースライン（フィルタなし）,2409577.8659999995,-0.7590422134000002,-0.8063739160062003
2026-01-22,ベースライン（フィルタなし）,2322200.2764999997,-0.7677799723500003,-0.8133953037448702
2017-01-31,フィルタA（予想リビジョン）,10000000.0,,0.0
2017-02-28,フィルタA（予想リビジョン）,9926260.0,-0.007373999999999992,-0.007374
2017-03-31,フィルタA（予想リビジョン）,9414770.0,-0.05852299999999999,-0.058523
2017-04-28,フィルタA（予想リビジョン）,9309800.0,-0.06902000000000008,-0.06902
2017-05-31,フィルタA（予想リビジョン）,9762490.0,-0.023751000000000078,-0.023751
2017-06-30,フィルタA（予想リビジョン）,10267480.0,0.026747999999999994,0.0
2017-07-31,フィルタA（予想リビジョン）,10343090.0,0.03430899999999992,0.0
2017-08-31,フィルタA（予想リビジョン）,10778420.0,0.07784199999999997,0.0
2017-09-29,フィルタA（予想リビジョン）,11072030.0,0.10720299999999994,0.0
2017-10-31,フィルタA（予想リビジョン）,11596050.0,0.159605,0.0
2017-11-30,フィルタA（予想リビジョン）,11957780.0,0.195778,0.0
2017-12-29,フィルタA（予想リビジョン）,12597880.0,0.25978800000000013,0.0
2018-01-31,フィルタA（予想リビジョン）,12256785.976,0.22567859759999997,-0.027075509847688674
2018-02-28,フィルタA（予想リビジョン）,11557785.976,0.1557785975999999,-0.08256103598383221
2018-03-30,フィルタA（予想リビジョン）,11022635.976,0.10226359759999992,-0.12504040552854925
2018-04-27,フィルタA（予想リビジョン）,11309485.976,0.1309485976,-0.10227070141960395
2018-05-31,フィルタA（予想リビジョン）,11478785.976,0.1478785976000001,-0.08883193235687276
2018-06-29,フィルタA（予想リビジョン）,10667595.976,0.06675959760000016,-0.15322292512708488
2018-07-31,フィルタA（予想リビジョン）,11107135.976,0.11071359760000021,-0.11833292776244894
2018-08-31,フィルタA（予想リビジョン）,10929675.976,0.09296759760000017,-0.13241942485561065
2018-09-28,フィルタA（予想リビジョン）,11138545.976,0.11385459760000027,-0.11583965111590205
2018-10-31,フィルタA（予想リビジョン）,10440785.976,0.04407859760000021,-0.17122674799251938
2018-11-30,フィルタA（予想リビジョン）,10054625.976,0.00546259760000023,-0.20187952449142238
2018-12-28,フィルタA（予想リビジョン）,8430235.976,-0.15697640239999977,-0.3308210606864012
2019-01-31,フィルタA（予想リビジョン）,8239295.976,-0.17607040239999983,-0.3459775790847349
2019-02-28,フィルタA（予想リビジョン）,8612305.976,-0.1387694023999999,-0.3163686290074203
2019-03-29,フィルタA（予想リビジョン）,7393295.976,-0.26067040239999995,-0.41313173518083995
2019-04-26,フィルタA（予想リビジョン）,7131165.976,-0.2868834024,-0.4339392043740693
2019-05-31,フィルタA（予想リビジョン）,6955875.976,-0.3044124024,-0.44785345026306017
2019-06-28,フィルタA（予想リビジョン）,7117195.976,-0.2882804024000001,-0.4350481211124412
2019-07-31,フィルタA（予想リビジョン）,6830865.976,-0.3169134024000001,-0.45777654843513355
2019-08-30,フィルタA（予想リビジョン）,6696245.976,-0.3303754024000001,-0.468462473368535
2019-09-30,フィルタA（予想リビジョン）,6862275.976,-0.31377240240000004,-0.4552832717885867
2019-10-31,フィルタA（予想リビジョン）,7037225.976,-0.2962774024000001,-0.4413960145675304
2019-11-29,フィルタA（予想リビジョン）,7320605.976,-0.26793940240000014,-0.4189017536283883
2019-12-30,フィルタA（予想リビジョン）,7585435.976,-0.2414564024000001,-0.39787996266038417
2020-01-31,フィルタA（予想リビジョン）,7192508.001499999,-0.28074919985000013,-0.42906997038390593
2020-02-28,フィルタA（予想リビジョン）,6271318.001499999,-0.3728681998500001,-0.5021925910153138
2020-03-31,フィルタA（予想リビジョン）,5309378.001499999,-0.4690621998500001,-0.5785498828771191
2020-04-30,フィルタA（予想リビジョン）,5591168.001499999,-0.44088319985000013,-0.5561818336497888
2020-05-29,フィルタA（予想リビジョン）,5758688.001499999,-0.42413119985000014,-0.5428843582015387
2020-06-30,フィルタA（予想リビジョン）,5560178.001499999,-0.4439821998500002,-0.5586417713535928
2020-07-31,フィルタA（予想リビジョン）,5396288.001499999,-0.4603711998500002,-0.5716511030824234
2020-08-31,フィルタA（予想リビジョン）,5764788.001499999,-0.42352119985000025,-0.5424001497474179
2020-09-30,フィルタA（予想リビジョン）,5958708.001499999,-0.4041291998500002,-0.5270070836124808
2020-10-30,フィルタA（予想リビジョン）,4475088.001499999,-0.5524911998500002,-0.6447745174981823
2020-11-30,フィルタA（予想リビジョン）,4557818.001499999,-0.5442181998500002,-0.6382075395622121
2020-12-30,フィルタA（予想リビジョン）,4592088.001499999,-0.5407911998500001,-0.6354872405912741
2021-01-29,フィルタA（予想リビジョン）,4402888.001499999,-0.5597111998500002,-0.6505056405125307
2021-02-26,フィルタA（予想リビジョン）,4396628.001499999,-0.5603371998500002,-0.6510025495162679
2021-03-31,フィルタA（予想リビジョン）,4505368.001499999,-0.5494631998500001,-0.6423709384833004
2021-04-30,フィルタA（予想リビジョン）,4177288.0014999993,-0.5822711998500001,-0.6684134154714921
2021-05-31,フィルタA（予想リビジョン）,4153988.0014999993,-0.5846011998500001,-0.6702629330093636
2021-06-30,フィルタA（予想リビジョン）,3988688.0014999993,-0.6011311998500002,-0.6833841883316876
2021-07-30,フィルタA（予想リビジョン）,4008048.0014999993,-0.5991951998500002,-0.6818474218281172
2021-08-31,フィルタA（予想リビジョン）,4004828.0014999993,-0.5995171998500002,-0.6821030203891449
2021-09-30,フィルタA（予想リビジョン）,4091788.0014999993,-0.5908211998500001,-0.6752002716726941
2021-10-29,フィルタA（予想リビジョン）,3768288.0014999993,-0.6231711998500002,-0.7008791954281197
2021-11-30,フィルタA（予想リビジョン）,3685978.0014999993,-0.6314021998500001,-0.7074128344213472
2021-12-30,フィルタA（予想リビジョン）,3623938.0014999993,-0.6376061998500002,-0.7123374725350615
2022-01-31,フィルタA（予想リビジョン）,3540658.276499999,-0.6459341723500002,-0.718948086781268
2022-02-28,フィルタA（予想リビジョン）,3649658.276499999,-0.6350341723500001,-0.7102958373551741
2022-03-31,フィルタA（予想リビジョン）,3540268.276499999,-0.6459731723500002,-0.7189790443709577
2022-04-28,フィルタA（予想リビジョン）,3348798.276499999,-0.6651201723500001,-0.7341776333398953
2022-05-31,フィルタA（予想リビジョン）,3378108.276499999,-0.6621891723500001,-0.7318510514070622
2022-06-30,フィルタA（予想リビジョン）,3370558.276499999,-0.66294417235,-0.7324503585920806
2022-07-29,フィルタA（予想リビジョン）,2765528.276499999,-0.72344717235,-0.78047669318171
2022-08-31,フィルタA（予想リビジョン）,2815288.276499999,-0.71847117235,-0.7765268222510454
2022-09-30,フィルタA（予想リビジョン）,2742348.276499999,-0.72576517235,-0.7823166853073692
2022-10-31,フィルタA（予想リビジョン）,2762788.276499999,-0.7237211723500001,-0.7806941900938889
2022-11-30,フィルタA（予想リビジョン）,2869808.276499999,-0.7130191723500001,-0.7721991099692964
2022-12-30,フィルタA（予想リビジョン）,2574178.276499999,-0.7425821723500001,-0.7956657567384354
2023-01-31,フィルタA（予想リビジョン）,2453390.5474999994,-0.75466094525,-0.8052536976459532
2023-02-28,フィルタA（予想リビジョン）,2514480.5474999994,-0.74855194525,-0.8004044690455855
2023-03-31,フィルタA（予想リビジョン）,2518790.5474999994,-0.7481209452500002,-0.8000623479902969
2023-04-28,フィルタA（予想リビジョン）,2530050.5474999994,-0.7469949452500002,-0.7991685468110508
2023-05-31,フィルタA（予想リビジョン）,2429630.5474999994,-0.7570369452500001,-0.8071397292639715
2023-06-30,フィルタA（予想リビジョン）,2491030.5474999994,-0.7508969452500002,-0.8022658933487222
2023-07-31,フィルタA（予想リビジョン）,2574130.5474999994,-0.7425869452500002,-0.7956695453917644
2023-08-31,フィルタA（予想リビジョン）,2565470.5474999994,-0.7434529452500002,-0.7963569626397458
2023-09-29,フィルタA（予想リビジョン）,2613020.5474999994,-0.7386979452500002,-0.7925825180506562
2023-10-31,フィルタA（予想リビジョン）,2589740.5474999994,-0.7410259452500002,-0.7944304480198257
2023-11-30,フィルタA（予想リビジョン）,2651670.5474999994,-0.7348329452500002,-0.7895145415339724
2023-12-29,フィルタA（予想リビジョン）,2653790.5474999994,-0.7346209452500002,-0.7893462592515567
2024-01-31,フィルタA（予想リビジョン）,2760716.8564999993,-0.7239283143500002,-0.7808586161719273
2024-02-29,フィルタA（予想リビジョン）,2800016.8564999993,-0.7199983143500002,-0.7777390436724274
2024-03-29,フィルタA（予想リビジョン）,2857326.8564999993,-0.7142673143500002,-0.7731898655567445
2024-04-30,フィルタA（予想リビジョン）,2749916.8564999993,-0.7250083143500002,-0.7817159032710266
2024-05-31,フィルタA（予想リビジョン）,2674586.8564999993,-0.7325413143500002,-0.7876954807872436
2024-06-28,フィルタA（予想リビジョン）,2712186.8564999993,-0.7287813143500002,-0.7847108516274167
2024-07-31,フィルタA（予想リビジョン）,2579886.8564999993,-0.7420113143500002,-0.795212618591382
2024-08-30,フィルタA（予想リビジョン）,2583986.8564999993,-0.7416013143500002,-0.7948871670074648
2024-09-30,フィルタA（予想リビジョン）,2581836.8564999993,-0.7418163143500003,-0.7950578306429336
2024-10-31,フィルタA（予想リビジョン）,2363426.8564999993,-0.7636573143500002,-0.8123948746535131
2024-11-29,フィルタA（予想リビジョン）,2379226.8564999993,-0.7620773143500001,-0.811140695378905
2024-12-30,フィルタA（予想リビジョン）,2410316.8564999993,-0.7589683143500002,-0.8086728198315908
2025-01-31,フィルタA（予想リビジョン）,2415849.1724999994,-0.7584150827500002,-0.8082336732450223
2025-02-28,フィルタA（予想リビジョン）,2410779.1724999994,-0.7589220827500002,-0.8086361219109882
2025-03-31,フィルタA（予想リビジョン）,2419979.1724999994,-0.7580020827500003,-0.8079058403080519
2025-04-30,フィルタA（予想リビジョン）,2426529.1724999994,-0.7573470827500002,-0.8073859115581352
2025-05-30,フィルタA（予想リビジョン）,2490289.1724999994,-0.7509710827500002,-0.8023247425360458
2025-06-30,フィルタA（予想リビジョン）,2505989.1724999994,-0.7494010827500003,-0.8010785011049478
2025-07-31,フィルタA（予想リビジョン）,2610959.1724999994,-0.7389040827500003,-0.7927461467723141
2025-08-29,フィルタA（予想リビジョン）,2659089.1724999994,-0.7340910827500002,-0.7889256626908655
2025-09-30,フィルタA（予想リビジョン）,2726539.1724999994,-0.7273460827500002,-0.7835715872432505
2025-10-31,フィルタA（予想リビジョン）,2655839.1724999994,-0.7344160827500004,-0.7891836426049462
2025-11-28,フィルタA（予想リビジョン）,2687139.1724999994,-0.7312860827500003,-0.7866990975862606
2025-12-30,フィルタA（予想リビジョン）,2729139.1724999994,-0.7270860827500003,-0.7833652033119859
2026-01-22,フィルタA（予想リビジョン）,2691644.2889999994,-0.7308355711000003,-0.7863414884885395
2017-01-31,フィルタB（出来高）,10000000.0,,0.0
2017-02-28,フィルタB（出来高）,10318120.0,0.03181199999999995,0.0
2017-03-31,フィルタB（出来高）,10047070.0,0.004707000000000017,-0.02626932038006924
2017-04-28,フィルタB（出来高）,10396140.0,0.03961400000000004,0.0
2017-05-31,フィルタB（出来高）,12507380.0,0.2507379999999999,0.0
2017-06-30,フィルタB（出来高）,12877930.0,0.28779299999999997,0.0
2017-07-31,フィルタB（出来高）,12675750.0,0.2675750000000001,-0.015699728139537954
2017-08-31,フィルタB（出来高）,13401240.0,0.3401240000000001,0.0
2017-09-29,フィルタB（出来高）,13769880.0,0.3769880000000003,0.0
2017-10-31,フィルタB（出来高）,14906900.0,0.4906900000000005,0.0
2017-11-30,フィルタB（出来高）,15054590.0,0.5054590000000003,0.0
2017-12-29,フィルタB（出来高）,15342890.0,0.5342890000000002,0.0
2018-01-31,フィルタB（出来高）,14777344.3215,0.4777344321500001,-0.03686044014523994
2018-02-28,フィルタB（出来高）,14623064.3215,0.4623064321500001,-0.04691591209348437
2018-03-30,フィルタB（出来高）,14422174.3215,0.4422174321500001,-0.06000927325295302
2018-04-27,フィルタB（出来高）,14679394.3215,0.4679394321500001,-0.043244504685883846
2018-05-31,フィルタB（出来高）,14852634.3215,0.48526343215000023,-0.03195328119409058
2018-06-29,フィルタB（出来高）,15066854.3215,0.5066854321500003,-0.01799111370152562
2018-07-31,フィルタB（出来高）,15106764.3215,0.5106764321500004,-0.015389908843770658
2018-08-31,フィルタB（出来高）,14931574.3215,0.4931574321500003,-0.026808227035454234
2018-09-28,フィルタB（出来高）,15359644.3215,0.5359644321500001,0.0
2018-10-31,フィルタB（出来高）,13922514.3215,0.39225143215000013,-0.09356531765441636
2018-11-30,フィルタB（出来高）,14133444.3215,0.41334443215000016,-0.07983257778199979
2018-12-28,フィルタB（出来高）,12606614.3215,0.26066143215000004,-0.17923787441785913
2019-01-31,フィルタB（出来高）,13556284.3215,0.35562843214999984,-0.11740896873996667
2019-02-28,フィルタB（出来高）,13903114.3215,0.39031143214999964,-0.09482836773512979
2019-03-29,フィルタB（出来高）,13748324.3215,0.3748324321499996,-0.10490607505438908
2019-04-26,フィルタB（出来高）,14135354.3215,0.41353543214999977,-0.07970822594415634
2019-05-31,フィルタB（出来高）,12933814.3215,0.2933814321499999,-0.1579352977988163
2019-06-28,フィルタB（出来高）,13532054.3215,0.3532054321499998,-0.11898647922737317
2019-07-31,フィルタB（出来高）,13774564.3215,0.3774564321499998,-0.10319770216171278
2019-08-30,フィルタB（出来高）,13273214.3215,0.32732143214999976,-0.1358384319537578
2019-09-30,フィルタB（出来高）,14181684.3215,0.41816843214999966,-0.07669188005552477
2019-10-31,フィルタB（出来高）,15326854.3215,0.5326854321499996,-0.0021348150591027344
2019-11-29,フィルタB（出来高）,16549314.3215,0.6549314321499997,0.0
2019-12-30,フィルタB（出来高）,16915314.3215,0.6915314321499997,0.0
2020-01-31,フィルタB（出来高）,15513521.9165,0.5513521916499997,-0.08287120052024505
2020-02-28,フィルタB（出来高）,13554721.9165,0.35547219164999966,-0.19867159079205288
2020-03-31,フィルタB（出来高）,12053421.9165,0.20534219164999978,-0.2874254839486105
2020-04-30,フィルタB（出来高）,12252761.9165,0.2252761916499999,-0.275640896549804
2020-05-29,フィルタB（出来高）,13484851.9165,0.3484851916499998,-0.20280216730230977
2020-06-30,フィルタB（出来高）,13311481.9165,0.33114819164999987,-0.21305145955339375
2020-07-31,フィルタB（出来高）,12431521.9165,0.2431521916499999,-0.26507295813598514
2020-08-31,フィルタB（出来高）,13566611.9165,0.35666119165,-0.19796867745718877
2020-09-30,フィルタB（出来高）,13334671.9165,0.33346719165000005,-0.2116805125192896
2020-10-30,フィルタB（出来高）,13048181.9165,0.3048181916499999,-0.22861723592595196
2020-11-30,フィルタB（出来高）,14494141.9165,0.44941419164999985,-0.14313493435487618
2020-12-30,フィルタB（出来高）,15257041.9165,0.5257041916499998,-0.09803379195219995
2021-01-29,フィルタB（出来高）,16004261.9165,0.6004261916499996,-0.05385962020475242
2021-02-26,フィルタB（出来高）,17399071.916500002,0.7399071916499997,0.0
2021-03-31,フィルタB（出来高）,18631451.916500002,0.8631451916499995,0.0
2021-04-30,フィルタB（出来高）,17963691.916500002,0.7963691916499995,-0.03584047035049545
2021-05-31,フィルタB（出来高）,18513151.916500002,0.8513151916499995,-0.006349478319251845
2021-06-30,フィルタB（出来高）,18055361.916500002,0.8055361916499995,-0.030920295561604357
2021-07-30,フィルタB（出来高）,18046001.916500002,0.8046001916499994,-0.031422671868182525
2021-08-31,フィルタB（出来高）,18918311.916500002,0.8918311916499992,0.0
2021-09-30,フィルタB（出来高）,20797351.916500002,1.0797351916499989,0.0
2021-10-29,フィルタB（出来高）,20261461.916500002,1.0261461916499988,-0.02576722277680173
2021-11-30,フィルタB（出来高）,18945851.916500002,0.894585191649999,-0.08902575709800221
2021-12-30,フィルタB（出来高）,20328091.916500002,1.0328091916499988,-0.022563449514344327
2022-01-31,フィルタB（出来高）,19072595.864000004,0.907259586399999,-0.08293152221613503
2022-02-28,フィルタB（出来高）,20036565.864000004,1.003656586399999,-0.036580909702086314
2022-03-31,フィルタB（出来高）,19328675.864000004,0.9328675863999991,-0.07061841615204839
2022-04-28,フィルタB（出来高）,19368715.864000004,0.936871586399999,-0.06869317104580805
2022-05-31,フィルタB（出来高）,21006635.864000004,1.1006635863999987,0.0
2022-06-30,フィルタB（出来高）,21266455.864000004,1.1266455863999987,0.0
2022-07-29,フィルタB（出来高）,21704525.864000004,1.1704525863999988,0.0
2022-08-31,フィルタB（出来高）,22451305.864000004,1.2451305863999989,0.0
2022-09-30,フィルタB（出来高）,21421775.864000004,1.142177586399999,-0.045856129983548995
2022-10-31,フィルタB（出来高）,22170125.864000004,1.2170125863999988,-0.012523993112171871
2022-11-30,フィルタB（出来高）,23637685.864000004,1.3637685863999982,0.0
2022-12-30,フィルタB（出来高）,21981435.864000004,1.1981435863999983,-0.0700681957417183
2023-01-31,フィルタB（出来高）,21849079.349500004,1.1849079349499982,-0.0756675812002406
2023-02-28,フィルタB（出来高）,22372279.349500004,1.2372279349499982,-0.05353343477786051
2023-03-31,フィルタB（出来高）,21231029.349500004,1.1231029349499981,-0.10181438776819168
2023-04-28,フィルタB（出来高）,22590869.349500004,1.2590869349499978,-0.04428591362635428
2023-05-31,フィルタB（出来高）,22715199.349500004,1.2715199349499975,-0.039026092478237843
2023-06-30,フィルタB（出来高）,24440789.349500004,1.4440789349499972,0.0
2023-07-31,フィルタB（出来高）,25336669.349500004,1.5336669349499972,0.0
2023-08-31,フィルタB（出来高）,26327989.349500004,1.6327989349499972,0.0
2023-09-29,フィルタB（出来高）,26549699.349500004,1.6549699349499973,0.0
2023-10-31,フィルタB（出来高）,25898049.349500004,1.5898049349499974,-0.024544534061259424
2023-11-30,フィルタB（出来高）,26783439.349500004,1.6783439349499973,0.0
2023-12-29,フィルタB（出来高）,27215889.349500004,1.721588934949997,0.0
2024-01-31,フィルタB（出来高）,27513655.202000003,1.7513655201999967,0.0
2024-02-29,フィルタB（出来高）,27655745.202000003,1.7655745201999964,0.0
2024-03-29,フィルタB（出来高）,28725835.202000003,1.872583520199996,0.0
2024-04-30,フィルタB（出来高）,28175585.202000003,1.817558520199996,-0.01915523068800762
2024-05-31,フィルタB（出来高）,28079575.202000003,1.807957520199996,-0.022497518190698416
2024-06-28,フィルタB（出来高）,28329275.202000003,1.8329275201999962,-0.013804994605427171
2024-07-31,フィルタB（出来高）,28135215.202000003,1.8135215201999961,-0.02056058582271887
2024-08-30,フィルタB（出来高）,27823495.202000003,1.7823495201999964,-0.03141214149753166
2024-09-30,フィルタB（出来高）,27626025.202000003,1.7626025201999962,-0.0382864411866927
2024-10-31,フィルタB（出来高）,27422805.202000003,1.742280520199996,-0.04536090912020821
2024-11-29,フィルタB（出来高）,26858485.202000003,1.685848520199996,-0.06500594279918406
2024-12-30,フィルタB（出来高）,27175265.202000003,1.7175265201999963,-0.053978239069339344
2025-01-31,フィルタB（出来高）,26551065.529500004,1.6551065529499964,-0.0757077960382013
2025-02-28,フィルタB（出来高）,27479525.529500004,1.7479525529499962,-0.04338636853327163
2025-03-31,フィルタB（出来高）,27954445.529500004,1.7954445529499963,-0.026853515905650403
2025-04-30,フィルタB（出来高）,27562615.529500004,1.7562615529499963,-0.040493850372678164
2025-05-30,フィルタB（出来高）,30763915.529500004,2.0763915529499957,0.0
2025-06-30,フィルタB（出来高）,33907775.52950001,2.390777552949996,0.0
2025-07-31,フィルタB（出来高）,36640645.52950001,2.6640645529499953,0.0
2025-08-29,フィルタB（出来高）,41388225.52950001,3.1388225529499945,0.0
2025-09-30,フィルタB（出来高）,39933775.52950001,2.993377552949995,-0.035141637057218636
2025-10-31,フィルタB（出来高）,38045275.52950001,2.804527552949995,-0.0807705562930517
2025-11-28,フィルタB（出来高）,37617475.52950001,2.7617475529499953,-0.09110682933996163
2025-12-30,フィルタB（出来高）,37528075.52950001,2.7528075529499954,-0.09326686395986286
2026-01-22,フィルタB（出来高）,36105562.492000006,2.610556249199995,-0.12763685734085684
2017-01-31,フィルタC（両方）,10000000.0,,0.0
2017-02-28,フィルタC（両方）,9926260.0,-0.007373999999999992,-0.007374
2017-03-31,フィルタC（両方）,9414770.0,-0.05852299999999999,-0.058523
2017-04-28,フィルタC（両方）,9309800.0,-0.06902000000000008,-0.06902
2017-05-31,フィルタC（両方）,9762490.0,-0.023751000000000078,-0.023751
2017-06-30,フィルタC（両方）,10267480.0,0.026747999999999994,0.0
2017-07-31,フィルタC（両方）,10343090.0,0.03430899999999992,0.0
2017-08-31,フィルタC（両方）,10833360.0,0.08333599999999985,0.0
2017-09-29,フィルタC（両方）,11353010.0,0.1353009999999999,0.0
2017-10-31,フィルタC（両方）,12314770.0,0.2314769999999997,0.0
2017-11-30,フィルタC（両方）,12505170.0,0.25051699999999966,0.0
2017-12-29,フィルタC（両方）,12749910.0,0.27499099999999954,0.0
2018-01-31,フィルタC（両方）,12379331.0815,0.23793310814999935,-0.029065218381933725
2018-02-28,フィルタC（両方）,11755551.0815,0.17555510814999953,-0.07798948529832764
2018-03-30,フィルタC（両方）,11227021.0815,0.12270210814999949,-0.11944311124549119
2018-04-27,フィルタC（両方）,11524111.0815,0.15241110814999947,-0.09614177029484919
2018-05-31,フィルタC（両方）,12281171.0815,0.22811710814999953,-0.03676409625636578
2018-06-29,フィルタC（両方）,11960771.0815,0.19607710814999946,-0.061893685406406836
2018-07-31,フィルタC（両方）,12468371.0815,0.2468371081499996,-0.02208163967431932
2018-08-31,フィルタC（両方）,11620121.0815,0.16201210814999967,-0.08861152106171735
2018-09-28,フィルタC（両方）,11969751.0815,0.19697510814999974,-0.061189366709255254
2018-10-31,フィルタC（両方）,11210811.0815,0.12108110814999962,-0.12071449276896862
2018-11-30,フィルタC（両方）,11250151.0815,0.1250151081499995,-0.11762898079280565
2018-12-28,フィルタC（両方）,9713891.0815,-0.02861089185000043,-0.23812081171553373
2019-01-31,フィルタC（両方）,9452781.0815,-0.054721891850000426,-0.2586001719619982
2019-02-28,フィルタC（両方）,9813181.0815,-0.018681891850000354,-0.23033330576451133
2019-03-29,フィルタC（両方）,9349711.0815,-0.06502889185000027,-0.26668415059400424
2019-04-26,フィルタC（両方）,9027381.0815,-0.09726189185000023,-0.29196511336158454
2019-05-31,フィルタC（両方）,8389621.0815,-0.16103789185000017,-0.3419858586060608
2019-06-28,フィルタC（両方）,8832041.0815,-0.11679589185000017,-0.30728600582278626
2019-07-31,フィルタC（両方）,8448361.0815,-0.15516389185000024,-0.3373787672618866
2019-08-30,フィルタC（両方）,8241741.081499999,-0.1758258918500002,-0.35358437185046804
2019-09-30,フィルタC（両方）,8553301.0815,-0.14466989185000023,-0.32914812092791246
2019-10-31,フィルタC（両方）,8788521.0815,-0.12114789185000019,-0.3106993632504073
2019-11-29,フィルタC（両方）,9094341.0815,-0.09056589185000019,-0.28671331158416025
2019-12-30,フィルタC（両方）,9625301.0815,-0.03746989185000016,-0.24506909605636437
2020-01-31,フィルタC（両方）,9119242.419,-0.08807575810000012,-0.28476025171942393
2020-02-28,フィルタC（両方）,7911172.419,-0.20888275810000012,-0.37951150878712087
2020-03-31,フィルタC（両方）,7156532.419,-0.2843467581000001,-0.43869937756423383
2020-04-30,フィルタC（両方）,7553762.419,-0.24462375810000014,-0.4075438635253112
2020-05-29,フィルタC（両方）,7702212.419,-0.22977875810000015,-0.39590064408297787
2020-06-30,フィルタC（両方）,6959082.419,-0.3040917581000001,-0.45418576138968825
2020-07-31,フィルタC（両方）,6755382.419,-0.3244617581000001,-0.47016234475380614
2020-08-31,フィルタC（両方）,7131212.419,-0.2868787581000002,-0.440685273935267
2020-09-30,フィルタC（両方）,7212102.419,-0.2787897581000003,-0.4343409154260697
2020-10-30,フィルタC（両方）,5334722.419,-0.46652775810000024,-0.5815874450094157
2020-11-30,フィルタC（両方）,5465362.419,-0.4534637581000003,-0.5713410981724577
2020-12-30,フィルタC（両方）,5684152.419,-0.4315847581000002,-0.5541809770421909
2021-01-29,フィルタC（両方）,5489942.419,-0.4510057581000002,-0.5694132414268023
2021-02-26,フィルタC（両方）,5389772.419,-0.46102275810000026,-0.5772697674728684
2021-03-31,フィルタC（両方）,5878372.419,-0.41216275810000025,-0.5389479283383177
2021-04-30,フィルタC（両方）,5452892.419,-0.4547107581000003,-0.5723191442919989
2021-05-31,フィルタC（両方）,5349812.419,-0.46501875810000026,-0.5804039072432668
2021-06-30,フィルタC（両方）,5326382.419,-0.46736175810000025,-0.5822415672738083
2021-07-30,フィルタC（両方）,5371792.419,-0.46282075810000034,-0.5786799735056953
2021-08-31,フィルタC（両方）,5409282.419,-0.45907175810000034,-0.5757395605929767
2021-09-30,フィルタC（両方）,5566532.419,-0.44334675810000035,-0.5634061402002054
2021-10-29,フィルタC（両方）,5120632.419,-0.48793675810000037,-0.5983789360866076
2021-11-30,フィルタC（両方）,4960462.419,-0.5039537581000003,-0.6109413777038426
2021-12-30,フィルタC（両方）,5143192.419,-0.48568075810000033,-0.5966095118318483
2022-01-31,フィルタC（両方）,4913615.1995,-0.5086384800500003,-0.6146156953656927
2022-02-28,フィルタC（両方）,5161505.1995,-0.4838494800500003,-0.5951732051834091
2022-03-31,フィルタC（両方）,5244265.1995,-0.4755734800500002,-0.5886821789722437
2022-04-28,フィルタC（両方）,4854335.1995,-0.5145664800500003,-0.6192651399500075
2022-05-31,フィルタC（両方）,4929745.1995,-0.5070254800500003,-0.6133505883963103
2022-06-30,フィルタC（両方）,4898945.1995,-0.5101054800500002,-0.6157662917228435
2022-07-29,フィルタC（両方）,3900935.1995,-0.6099064800500003,-0.6940421383758787
2022-08-31,フィルタC（両方）,3970635.1995,-0.6029364800500001,-0.6885754331207043
2022-09-30,フィルタC（両方）,3835585.1995,-0.6164414800500002,-0.6991676647521433
2022-10-31,フィルタC（両方）,3884955.1995,-0.6115044800500002,-0.6952954805563333
2022-11-30,フィルタC（両方）,4012295.1995,-0.5987704800500002,-0.6853079590757896
2022-12-30,フィルタC（両方）,3942815.1995,-0.6057184800500002,-0.690757409307203
2023-01-31,フィルタC（両方）,3824493.6145,-0.6175506385500003,-0.7000375991281507
2023-02-28,フィルタC（両方）,3956693.6145,-0.6043306385500002,-0.6896688984863422
2023-03-31,フィルタC（両方）,3941433.6145,-0.6058566385500003,-0.6908657696799427
2023-04-28,フィルタC（両方）,3990973.6145,-0.6009026385500003,-0.6869802520566811
2023-05-31,フィルタC（両方）,3781053.6145,-0.6218946385500003,-0.7034446820016768
2023-06-30,フィルタC（両方）,3913853.6145,-0.6086146385500002,-0.6930289222041567
2023-07-31,フィルタC（両方）,3930173.6145,-0.6069826385500002,-0.6917489131687987
2023-08-31,フィルタC（両方）,3949393.6145,-0.6050606385500001,-0.690241451547501
2023-09-29,フィルタC（両方）,4014953.6145,-0.5985046385500001,-0.6850994544667374
2023-10-31,フィルタC（両方）,3989743.6145,-0.6010256385500001,-0.6870767233258901
2023-11-30,フィルタC（両方）,4103303.6145,-0.5896696385500002,-0.6781699937881913
2023-12-29,フィルタC（両方）,4186913.6145,-0.5813086385500003,-0.6716123004397677
2024-01-31,フィルタC（両方）,4358473.53,-0.5641526470000002,-0.6581565258107703
2024-02-29,フィルタC（両方）,4355923.53,-0.5644076470000002,-0.658356527222545
2024-03-29,フィルタC（両方）,4448553.53,-0.5551446470000002,-0.6510913778999224
2024-04-30,フィルタC（両方）,4283493.53,-0.5716506470000002,-0.6640373516362076
2024-05-31,フィルタC（両方）,4183863.5300000003,-0.5816136470000002,-0.6718515244421333
2024-06-28,フィルタC（両方）,4170113.5300000003,-0.5829886470000002,-0.6729299634271927
2024-07-31,フィルタC（両方）,4020573.5300000003,-0.5979426470000002,-0.684658673669069
2024-08-30,フィルタC（両方）,3984423.5300000003,-0.6015576470000003,-0.6874939878006981
2024-09-30,フィルタC（両方）,3968203.5300000003,-0.6031796470000003,-0.6887661536434374
2024-10-31,フィルタC（両方）,3693123.5300000003,-0.6306876470000002,-0.7103412078987223
2024-11-29,フィルタC（両方）,3719423.5300000003,-0.6280576470000002,-0.7082784482400267
2024-12-30,フィルタC（両方）,3724503.5300000003,-0.6275496470000002,-0.7078800140550011
2025-01-31,フィルタC（両方）,3650610.398,-0.6349389602000002,-0.7136755947296883
2025-02-28,フィルタC（両方）,3653070.398,-0.6346929602000002,-0.7134826521912704
2025-03-31,フィルタC（両方）,3615870.398,-0.6384129602000003,-0.716400319845395
2025-04-30,フィルタC（両方）,3635370.398,-0.6364629602000003,-0.7148708972847652
2025-05-30,フィルタC（両方）,3742330.398,-0.6257669602000002,-0.706481818459895
2025-06-30,フィルタC（両方）,3749730.398,-0.6250269602000003,-0.7059014222061175
2025-07-31,フィルタC（両方）,3904070.398,-0.6095929602000003,-0.6937962387185478
2025-08-29,フィルタC（両方）,4026900.398,-0.5973099602000003,-0.6841624452251035
2025-09-30,フィルタC（両方）,4076450.398,-0.5923549602000002,-0.68027614328258
2025-10-31,フィルタC（両方）,3939910.398,-0.6060089602000003,-0.6909852384840364
2025-11-28,フィルタC（両方）,4015160.398,-0.5984839602000003,-0.6850832360385289
2025-12-30,フィルタC（両方）,4010760.398,-0.5989239602000003,-0.6854283365137479
2026-01-22,フィルタC（両方）,3986498.6055,-0.6013501394500003,-0.6873312356322515
