Code,Price_Now,Price_6M,Return_6M,Eq,BPS_Final,Sales,OP,SharesOut,MarketCap,PBR,OP_Margin
6501,4853.0,3931.0,23.454591706944793,6554124000000.0,1409.23,7501797000000.0,825715000000.0,4581560985.0,22570597966265.266,3.44372458718591,11.006896081032318
8058,5211.0,3497.0,49.01344009150701,9859253000000.0,2447.1167095567903,13681049000000.0,,4028926353.0,20994735225483.004,2.1294448195500206,
9983,65000.0,49180.0,32.1675477836519,2568873000000.0,8161.23,1027745000000.0,210914000000.0,318220968.0,20459752390264.703,7.964485745408474,20.522016648098507
6857,23650.0,11940.0,98.07370184254607,674299000000.0,880.1235995572075,800537000000.0,346006000000.0,766141256.0,18119240704400.0,26.871225827711445,43.22173740876437
8035,38340.0,20600.0,86.11650485436893,2005249000000.0,4251.717193683417,1731715000000.0,419293000000.0,471632733.0,18082398983220.0,9.017532976313664,24.212586944156516
7011,4745.0,3727.0,27.31419372149182,2785558000000.0,825.6813268246872,3326976000000.0,,3373647810.0,16007958858450.0,5.746769178186201,
4519,9362.0,6678.0,40.191674153938294,2025732000000.0,1230.91,1257941000000.0,598833000000.0,1679057667.0,15407221473543.963,7.605755091761379,47.604219911744664
6861,60880.0,55890.0,8.928251923421016,3335392000000.0,13714.171958481378,834605000000.0,416381000000.0,243207684.0,14806483801920.0,4.4392034885015015,49.88958848796736
4063,6531.0,4437.0,47.19405003380663,4489768000000.0,2303.72,1934000000000.0,498026000000.0,1984995865.0,12728402239855.54,2.8349799454794855,25.75108583247156
6503,5456.0,3659.0,49.111779174637874,4301847000000.0,2035.70123160486,4156010000000.0,294757000000.0,2113201551.0,11529627662256.0,2.6801575375079585,7.092307285112404
285A,21065.0,3150.0,568.7301587301588,978647000000.0,1797.4366361007526,1334776000000.0,273574000000.0,544468150.0,11469221579750.0,11.71946736642528,20.495873464910964
9433,2632.0,2513.5,4.714541476029432,5475126000000.0,1307.384290853951,2963161000000.0,577156000000.0,4187847474.0,11022414551568.002,2.0131800713934256,19.47771315834678
2914,5711.0,4783.0,19.40204892326991,4115389000000.0,2301.99,3467675000000.0,867038000000.0,2000000000.0,10209856071920.383,2.4808969630623943,25.003438903588137
8267,2019.0,1797.0,12.353923205342232,1980246000000.0,417.35,7749403000000.0,144737000000.0,2783529021.0,9579769196118.365,4.837666227387085,1.8677180680885999
7741,27765.0,20755.0,33.77499397735486,1041804000000.0,3036.24401096028,699619000000.0,,343122620.0,9526799544300.0,9.144521948754276,
8002,5591.0,3543.0,57.804120801580574,4286989000000.0,2520.04,6172419000000.0,190603000000.0,1660758361.0,9511180576101.967,2.2186155775305156,3.087978959302666
5802,10390.0,4236.0,145.27856468366386,2659222000000.0,3349.3967900526904,3686897000000.0,271045000000.0,793940571.0,8249042532690.0,3.1020511009197427,7.351575050781185
5803,26520.0,13555.0,95.64736259682773,538446000000.0,1819.914060954497,854931000000.0,142196000000.0,295863421.0,7846297924920.0,14.57211665593207,16.632453379278562
6146,69610.0,37730.0,84.4950967399947,542611000000.0,5003.488862239196,303828000000.0,126212000000.0,108446529.0,7548962883690.0,13.912292385686984,41.54060850217887
8015,6304.0,4054.0,55.5007400098668,3148884000000.0,2964.577553488664,8381600000000.0,403201000000.0,1062169548.0,6695916830592.0,2.126441250484934,4.8105492984633
6981,3650.0,2524.5,44.58308575955634,2613547000000.0,1436.27,1370232000000.0,203012000000.0,1963001843.0,6641819818000.794,2.541304907851588,14.81588519316437
6954,6103.0,4175.0,46.179640718562865,1812225000000.0,1844.7225680328079,623312000000.0,127704000000.0,982383493.0,5995486457779.0,3.3083565549415774,20.487973919963036
8802,4729.0,3355.0,40.95380029806259,2708947000000.0,2225.4945674335445,1210073000000.0,227374000000.0,1217233706.0,5756298195673.999,2.124920936317322,18.790106051453094
2802,4405.0,4293.0,2.6088982063824817,819394000000.0,814.8004678456658,1164168000000.0,138803000000.0,1005637616.0,4429833698480.0,5.406231554636719,11.922935521333692
4503,2361.5,1724.0,36.97795823665893,1764866000000.0,975.2456268689684,1601320000000.0,333880000000.0,1809663075.0,4273519351612.5,2.421441260476716,20.850298503734418
6273,66200.0,44230.0,49.672168211621084,2042370000000.0,31977.305424342838,609933000000.0,137564000000.0,63869359.0,4228151565800.0,2.070218210118637,22.553952647257976
5016,4050.0,1570.0,157.96178343949046,765114000000.0,824.0650579994723,614500000000.0,124805000000.0,928463102.0,3760275563100.0,4.914660512158973,20.3100081366965
6920,37550.0,16000.0,134.68749999999997,225563000000.0,2516.35,128258000000.0,62991000000.0,94286400.0,3365942992826.912,14.922407455242713,49.11272591183396
1812,6184.0,4541.0,36.1814578286721,1316035000000.0,2489.3975905250795,1372922000000.0,108672000000.0,528656011.0,3269208772024.0,2.484135127123519,7.915380480464294
7936,4460.0,4114.0,8.41030627126884,273355000000.0,383.16,810916000000.0,142519000000.0,734482236.0,3181864756237.603,11.64004593381355,17.575063261792838
4507,3409.0,2693.5,26.5639502506033,1514383000000.0,1702.2574143688673,360684000000.0,148739000000.0,889632195.0,3032756152755.0,2.002634837260455,41.2380366193122
1801,17340.0,10140.0,71.00591715976333,902305000000.0,5529.30832149489,1427758000000.0,122356000000.0,163185872.0,2829643020480.0,3.136016114817052,8.569799643917246
7012,16420.0,9082.0,80.79718123761286,875107000000.0,5211.39601886116,1561403000000.0,45805000000.0,167921800.0,2757275956000.0,3.150787224876501,2.9335796075708833
1802,3870.0,2483.5,55.8284678880612,1248303000000.0,1765.7559276035076,1832429000000.0,142725000000.0,706951046.0,2735900548020.0,2.1916958847491355,7.788842023347153
4091,5772.0,5442.0,6.063947078280041,1211370000000.0,2797.0215540646313,997719000000.0,146111000000.0,433092837.0,2499811855164.0,2.0636237113053815,14.64450411388377
6361,4835.0,3155.0,53.24881141045958,521666000000.0,1114.52,958285000000.0,113802000000.0,462199185.0,2263086449772.099,4.3381904317553746,11.875590247160291
1803,3114.0,2105.0,47.93349168646082,920734000000.0,1284.7043409583616,897008000000.0,38920000000.0,716689413.0,2231770832082.0,2.4239040071095452,4.33886877263079
4062,7854.0,7267.0,8.077611118756023,549541000000.0,1950.6560661974381,298621000000.0,44527000000.0,281721114.0,2212637629356.0,4.02633766972073,14.910873649207524
5801,30690.0,8880.0,245.60810810810813,394146000000.0,5577.517977754711,948887000000.0,35137000000.0,70666917.0,2168767682730.0,5.502447526373476,3.702969900525563
6383,5727.0,4815.0,18.94080996884735,451560000000.0,1228.0,660724000000.0,100816000000.0,379830231.0,2105931693811.075,4.663680781758957,15.258413497920461
4004,11100.0,4173.0,165.9956865564342,727613000000.0,3861.43,1347125000000.0,46676000000.0,184901292.0,2091583765599.7908,2.8745827323038355,3.4648603507469606
7453,3757.0,3066.0,22.537508153946504,373359000000.0,691.1,228227000000.0,28383000000.0,561560000.0,2029676983070.4673,5.4362610331355805,12.436302453259255
7550,9559.0,9300.0,2.784946236559138,325413000000.0,1569.04,936691000000.0,60914000000.0,160733225.0,1982500680033.6511,6.092260235558048,6.503105079476583
8697,1854.5,1541.5,20.30489782679208,332462000000.0,322.2201250590365,139626000000.0,81308000000.0,1031785336.0,1913445905612.0,5.755382286131949,58.23270737541718
5706,31580.0,10675.0,195.83138173302106,371321000000.0,6467.268467727229,542207000000.0,71723000000.0,57415430.0,1813179279400.0,4.883050728076247,13.227973818117436
7735,18575.0,11215.0,65.62639322336156,443254000000.0,4647.243290641708,425352000000.0,77439000000.0,95379986.0,1771683239949.9998,3.996993236270851,18.205862438639056
6504,11390.0,9770.0,16.581371545547597,793476000000.0,5314.748774809534,851055000000.0,74027000000.0,149296991.0,1700492727490.0,2.1430928314025883,8.698262744475974
5334,7741.0,5574.0,38.876928597057756,747011000000.0,3749.1570794386002,526055000000.0,110907000000.0,199247720.0,1542376600520.0,2.064730774406267,21.08277651576356
1944,7526.0,5243.0,43.543772649246606,629931000000.0,3150.376751313726,499267000000.0,51957000000.0,199954180.0,1504855158680.0,2.388920625719325,10.406656157927522
6841,5589.0,4390.0,27.312072892938488,515414000000.0,1918.7154589877148,434315000000.0,60423000000.0,268624510.0,1501342386390.0,2.9128863135072,13.912252627701093
6525,5332.0,2745.5,94.20870515388818,212844000000.0,893.8683038232008,173058000000.0,32519000000.0,238115614.0,1269632453848.0,5.9650845400763,18.790810017450795
1942,6112.0,4039.0,51.32458529338946,415135000000.0,2022.204495610462,511581000000.0,58472000000.0,205288338.0,1254722321856.0,3.0224440768810146,11.429666074385093
4911,3012.0,2426.5,24.129404492066755,621270000000.0,1503.64,969992000000.0,-28788000000.0,400000000.0,1244490197121.6514,2.0031390492405095,-2.9678595287383813
6506,4567.0,2993.5,52.563888424920655,472696000000.0,1772.451607077698,395227000000.0,33195000000.0,266690497.0,1217975499799.0,2.576657089966913,8.398970718093652
2875,10955.0,10645.0,2.9121653358384236,517397000000.0,4666.234924700024,402636000000.0,64568000000.0,110881044.0,1214701837020.0,2.3477172017232415,16.036320646936687
3288,10085.0,7969.0,26.552892458275814,557348000000.0,4775.605296326794,329850000000.0,40292000000.0,116707300.0,1176993120500.0,2.111774188657715,12.215249355767774
7701,3868.0,3642.0,6.205381658429432,531452000000.0,1795.0200713697566,398722000000.0,50236000000.0,296070227.0,1145199638036.0,2.1548505566561045,12.599254618506128
3563,9640.0,8161.0,18.122779071192262,108410000000.0,934.0119079324276,122656000000.0,13463000000.0,116069184.0,1118906933760.0,10.32106755612951,10.97622619358205
2702,7820.0,6560.0,19.20731707317074,280467000000.0,2109.44,416602000000.0,53257000000.0,132960000.0,1039731843522.4514,3.7071450242718447,12.783664024656627
4186,8112.0,4776.0,69.84924623115577,242299000000.0,1898.9,237029000000.0,47386000000.0,127800000.0,1035088465953.9733,4.2719469166359465,19.99164659176725
6269,13590.0,7880.0,72.46192893401016,230731000000.0,3327.57,717100000000.0,68498000000.0,68345300.0,942319557514.9432,4.084061342060422,9.552084785943384
6370,7792.0,5181.0,50.39567651032619,352738000000.0,3035.592885529582,303604000000.0,40227000000.0,116200694.0,905435807648.0,2.566879121750421,13.249825430494989
9412,3095.0,1346.0,129.94056463595837,296125000000.0,1035.42,93332000000.0,26520000000.0,297681264.0,885154695679.048,2.989125185914894,28.414691638451977
4021,6386.0,5365.0,19.030754892823865,245545000000.0,1808.136966126657,195435000000.0,44984000000.0,135800000.0,867218800000.0,3.531812091469995,23.017371504592322
3110,22140.0,6800.0,225.58823529411765,171358000000.0,4542.532287718701,87594000000.0,14933000000.0,37723012.0,835187485680.0,4.873933435731042,17.047971322236684
9962,2892.0,2352.5,22.933049946865047,366510000000.0,1285.3465163011492,320661000000.0,32264000000.0,285144897.0,824639042124.0,2.2499769232053697,10.061716267335285
7747,3089.0,2707.0,14.111562615441443,158671000000.0,598.0086103350402,71266000000.0,24372000000.0,265332300.0,819611474700.0001,5.165477464060856,34.19863609575394
6856,18830.0,11730.0,60.52855924978686,348640000000.0,8286.08,333081000000.0,53040000000.0,42233252.0,792279485595.1187,2.2724859040704413,15.924054509263513
6806,21455.0,19335.0,10.964572019653485,377632000000.0,10579.714461006004,156549000000.0,32503000000.0,35693969.0,765814104895.0,2.0279375288508388,20.76218947422213
3197,3359.0,3100.0,8.354838709677415,187567000000.0,824.46,457794000000.0,29957000000.0,227502200.0,764182074327.4386,4.074181888751425,6.543772963385278
5631,10040.0,8923.0,12.518211363891062,204869000000.0,2753.026909877564,201143000000.0,17525000000.0,74415909.0,747135726360.0,3.646894973666099,8.712706880179773
4506,1835.0,1793.0,2.342442833240388,288939000000.0,727.28,347746000000.0,109774000000.0,397900154.0,729021924155.7584,2.52309976900231,31.567293369298284
5344,58860.0,40340.0,45.90976698066436,140835000000.0,11383.36566440349,52225000000.0,17124000000.0,12372000.0,728215920000.0001,5.170702737245714,32.78889420775491
6368,15140.0,11820.0,28.087986463620986,130737000000.0,2820.0570754340515,127729000000.0,26112000000.0,46359700.0,701885858000.0,5.36868566664372,20.443282261663363
4403,2894.0,2703.5,7.046421305714823,283510000000.0,1198.651496561061,173472000000.0,31826000000.0,236524128.0,684500826432.0001,2.414379832923001,18.34647666482199
1959,9571.0,7191.0,33.096926713947994,332469000000.0,4691.585168585642,319253000000.0,36444000000.0,70864961.0,678248541731.0,2.040035437081352,11.415397819284392
2327,3675.0,3533.0,4.0192470987828965,277425000000.0,1515.9670386116,275395000000.0,30990000000.0,183002000.0,672532350000.0,2.4241951878886185,11.25292761306487
6965,2069.0,1568.0,31.951530612244895,319981000000.0,1002.4746490906385,51910000000.0,2403000000.0,319191114.0,660406414866.0,2.063892590078786,4.629165863995376
7003,6309.0,4230.0,49.148936170212764,209069000000.0,2027.852587147132,253183000000.0,31116000000.0,103098717.0,650449805553.0,3.1111728929348685,12.289924678987136
6787,23640.0,9910.0,138.54692230070634,135197000000.0,5044.039320502087,172033000000.0,17503000000.0,26803320.0,633630484800.0,4.686720007100749,10.174210761888707
7729,14415.0,8435.0,70.89508002371072,180937000000.0,4279.951303215214,112971000000.0,20932000000.0,42275481.0,609401058615.0,3.3680289748089116,18.528648945304546
5393,8846.0,5812.0,52.20233998623538,226077000000.0,3333.883040056219,185016000000.0,25310000000.0,67811917.0,599864217782.0,2.6533624286504156,13.67989795477148
6481,4992.0,4055.0,23.107274969173865,265749000000.0,2332.92,240444000000.0,14436000000.0,119099803.0,568651736021.8096,2.139807623064657,6.003892798323102
4385,3449.0,2327.0,48.21658788139236,105157000000.0,638.4683763134808,49440000000.0,8894000000.0,164701971.0,568057097979.0,5.40199033805643,17.98948220064725
7564,6660.0,5550.0,19.999999999999996,148283000000.0,1811.7137262859437,124303000000.0,25220000000.0,81846816.0,545099794560.0,3.6760774637686047,20.289132201153635
8050,12620.0,6900.0,82.89855072463767,176053000000.0,4252.0502901863165,254116000000.0,28959000000.0,41404261.0,522521773820.0,2.967979948197418,11.395976640589337
6134,5321.0,2778.5,91.50620838581969,222447000000.0,2273.9570354634134,79542000000.0,9591000000.0,97823748.0,520520163108.0,2.3399738504362837,12.05778079505167
1893,1815.5,1074.0,69.04096834264433,185634000000.0,649.0383632040833,581011000000.0,44309000000.0,286013910.0,519258253605.0,2.7972152386146933,7.6261895213687865
6323,2860.0,1698.0,68.43345111896349,134091000000.0,760.1530612244898,94483000000.0,23532000000.0,176400000.0,504504000000.0,3.7624001610846367,24.906067758221056
9072,3912.0,3253.0,20.258223178604375,242322000000.0,1915.8951125343478,201375000000.0,17388000000.0,126479784.0,494788915008.0,2.041865431153589,8.63463687150838
141A,4020.0,2555.0,57.338551859099795,131723000000.0,1075.5909613875558,674117000000.0,16677000000.0,122465700.0,492312114000.0,3.737480272997123,2.473902898161595
5805,14230.0,8080.0,76.11386138613861,100619000000.0,3264.004077482946,202086000000.0,19563000000.0,30826861.0,438666232030.0,4.359675926316103,9.680532050711085
268A,1903.0,911.0,108.8913282107574,88396000000.0,391.01,94193000000.0,16709000000.0,230375000.0,430213007339.96576,4.866883199918161,17.739110124956206
6871,10770.0,4575.0,135.40983606557378,66052000000.0,1703.95,70173000000.0,16542000000.0,40025316.0,417488799553.97754,6.320607999061005,23.573169167628574
6324,4205.0,2569.0,63.68236667964189,77570000000.0,805.3748414064626,42183000000.0,1191000000.0,96315400.0,405006257000.0,5.221171290447337,2.8234122750871204
6754,2891.0,1716.0,68.47319347319348,127949000000.0,941.6975096171287,81070000000.0,8412000000.0,135870594.0,392801887254.0,3.069987942492712,10.37621808313803
4980,2341.0,1979.5,18.262187421065935,101953000000.0,608.64,87296000000.0,30451000000.0,176418500.0,392139808425.34174,3.8462802313354363,34.88246884164223
9336,3850.0,3495.0,10.157367668097272,109057000000.0,1091.7392527396842,62536000000.0,14621000000.0,99892900.0,384587665000.0,3.5264830776566383,23.38013304336702
6507,12660.0,7500.0,68.8,86650000000.0,2908.7799230873607,82377000000.0,9316000000.0,29789122.0,377130284520.0,4.352340271436814,11.30898187600908
1961,6710.0,5200.0,29.038461538461547,108161000000.0,2015.6293315783207,170597000000.0,14982000000.0,53661156.0,360066356760.0,3.328985094072725,8.78210050587056
4966,22130.0,10190.0,117.1736997055937,112658000000.0,6981.0,65963000000.0,15561000000.0,18099000.0,357129571694.5996,3.1700329465692594,23.59049770325789
6508,7520.0,5880.0,27.891156462585045,156701000000.0,3441.8947300908417,203855000000.0,7082000000.0,45527540.0,342367100800.0,2.184843113955878,3.4740379191091706
3226,135100.0,124600.0,8.426966292134841,152365000000.0,60525.0,13195000000.0,6341000000.0,2517360.0,340099322593.9695,2.232135481206113,48.0560818491853
8174,3010.0,2889.0,4.188300449982685,62863000000.0,557.1617581072961,141959000000.0,11010000000.0,112827198.0,339609865979.99994,5.402380827831951,7.755760466050058
7014,4765.0,3275.0,45.49618320610686,126045000000.0,1814.2353415808102,115303000000.0,19480000000.0,69475551.0,331051000515.0,2.6264508748066167,16.894616792277738
7581,6660.0,5260.0,26.615969581749056,120908000000.0,2447.15,70285000000.0,4660000000.0,52272342.0,329055137609.0554,2.7215332121038758,6.630148680372767
6454,7010.0,5760.0,21.701388888888886,109465000000.0,2431.75,74323000000.0,13770000000.0,46537426.0,315554497789.65765,2.882697645728385,18.52723921262597
4368,8890.0,4780.0,85.98326359832636,113142000000.0,3208.31,57928000000.0,14563000000.0,35511000.0,313508476425.2831,2.7709292431217682,25.13982875293468
5857,3845.0,2173.0,76.94431661297745,140672000000.0,1764.8264389949563,137120000000.0,5928000000.0,79708688.0,306479905360.0,2.178684495564149,4.323220536756126
6951,5994.0,4965.0,20.72507552870091,149508000000.0,2931.47,129804000000.0,21398000000.0,51532800.0,305700195465.07385,2.0447079451606194,16.484854087701457
6407,4395.0,2464.0,78.36850649350649,145749000000.0,2146.225630545169,112016000000.0,12510000000.0,67909449.0,298462028355.0,2.0477809683428356,11.168047421796887
2222,1926.5,1845.5,4.3890544567867895,44629000000.0,288.96,58485000000.0,14011000000.0,155658402.0,297542111364.89484,6.667012735326689,23.956570060699324
8876,1920.0,1760.0,9.090909090909083,80111000000.0,523.545872920645,108968000000.0,21360000000.0,153016200.0,293791104000.0,3.6673004206663253,19.60208501578445
1885,3335.0,2226.0,49.82030548068283,110649000000.0,1257.682045921302,256720000000.0,19790000000.0,87978516.0,293408350860.0,2.651703592983217,7.708787784356497
6366,1076.0,425.0,153.1764705882353,109121000000.0,419.17294701030653,388191000000.0,77694000000.0,260324529.0,280109193204.0,2.566959551360416,20.014374367257357
6744,4535.0,3895.0,16.43132220795893,130624000000.0,2147.2636845689635,92582000000.0,7980000000.0,60832771.0,275876616485.00006,2.111990265839356,8.619386057765007
6777,22820.0,8360.0,172.9665071770335,24807000000.0,2109.4,21248000000.0,6836000000.0,11961100.0,268368133118.4223,10.818242154167061,32.172439759036145
2782,4250.0,3130.0,35.78274760383386,85921000000.0,1370.98,121382000000.0,8351000000.0,75840000.0,266352718493.34055,3.0999722826007674,6.879932774216934
4046,1983.0,1797.0,10.350584307178634,122952000000.0,919.8856936234928,73688000000.0,12937000000.0,133660085.0,265047948555.0,2.1557026201688463,17.556454239496254
6834,27370.0,8900.0,207.52808988764048,31329000000.0,3356.5632495054992,20169000000.0,4844000000.0,9333654.0,255462109980.0,8.154173768074308,24.017055877832316
7806,6270.0,4345.0,44.303797468354425,53833000000.0,1340.4166867522918,34410000000.0,5662000000.0,40161392.0,251811927840.0,4.677649914364795,16.454519035164196
6278,14410.0,8680.0,66.01382488479261,79998000000.0,4594.06,40165000000.0,8728000000.0,19780000.0,250926452854.33798,3.1366590771561533,21.73036225569526
8919,3170.0,2786.0,13.783201722900218,50073000000.0,636.6508905712656,112414000000.0,14248000000.0,78650640.0,249322528800.0,4.979180971781199,12.674577899549877
3186,3140.0,2290.0,37.117903930131014,79195000000.0,1012.23,652072000000.0,19597000000.0,80877900.0,245667783013.74194,3.1020617843770686,3.0053429682611736
8628,937.0,802.0,16.83291770573565,77630000000.0,300.23,37293000000.0,16509000000.0,259264702.0,242278619724.8776,3.120940612197315,44.26836135467782
6013,2926.0,2291.0,27.717154081187246,108845000000.0,1351.493975424899,113807000000.0,9502000000.0,80536800.0,235650676800.0,2.1650115007579585,8.349222807032959
7716,2762.0,2090.0,32.15311004784689,114074000000.0,1368.88,81179000000.0,14089000000.0,93418200.0,230168011805.27145,2.0177079071942026,17.35547370625408
6670,2198.0,1418.0,55.00705218617772,94718000000.0,930.6635146062823,162593000000.0,17117000000.0,101774700.0,223700790600.0,2.3617558499968325,10.527513484590358
4099,5050.0,2184.0,131.22710622710622,94599000000.0,2168.7,70705000000.0,10869000000.0,44869563.0,220281712546.68698,2.328583944298428,15.372321617990242
5384,2888.0,2123.0,36.03391427225624,82013000000.0,1094.33,51447000000.0,10497000000.0,80098500.0,216437038187.74957,2.6390576882658796,20.4035220712578
6814,6750.0,5780.0,16.782006920415228,82445000000.0,2594.99,102756000000.0,12679000000.0,31894554.0,214453138547.74008,2.6011660931255998,12.33893884542022
7685,6660.0,3530.0,88.6685552407932,21429000000.0,677.58,100614000000.0,9044000000.0,30877880.0,210627733994.50986,9.829097671123705,8.988808714493013
9861,3150.0,3078.0,2.3391812865497075,66699000000.0,1024.0972309377564,166628000000.0,5558000000.0,65129558.0,205158107700.0,3.0758798137903116,3.335573853133927
5727,2829.0,1758.0,60.92150170648465,58908000000.0,826.5363806916455,61323000000.0,2928000000.0,71270910.0,201625404390.0,3.4227168532287635,4.774717479575363
4617,3770.0,3565.0,5.7503506311360475,93810000000.0,1781.71,101930000000.0,12922000000.0,55000000.0,198496781182.12277,2.1159447946074277,12.677327577749436
290A,1435.0,851.0,68.62514688601644,38793000000.0,285.83,2376000000.0,-4137000000.0,131573900.0,194758965119.12674,5.020466710982053,-174.1161616161616
6315,2575.0,1821.0,41.40582097748491,63832000000.0,849.3112857452817,23449000000.0,2493000000.0,75157367.0,193530220025.0,3.0318683422891337,10.631583436393877
3097,4900.0,4330.0,13.163972286374136,43096000000.0,1099.304157507818,72299000000.0,5470000000.0,39202981.0,192094606900.0,4.4573651127714875,7.565803123141398
6055,1802.0,1518.0,18.70882740447959,59218000000.0,563.1789855055924,41732000000.0,10003000000.0,105149520.0,189479435040.0,3.199693252727211,23.96961564267229
9793,3940.0,3665.0,7.5034106412005475,82143000000.0,1711.3125,54474000000.0,11307000000.0,48000000.0,189120000000.0,2.3023264307366422,20.75669126555788
6490,7460.0,4080.0,82.84313725490196,76753000000.0,3064.9211581347254,42887000000.0,8656000000.0,25042406.0,186816348760.0,2.4339940948236554,20.183272320283535
6736,7720.0,6790.0,13.696612665684826,44941000000.0,1871.9389023401131,7402000000.0,-136000000.0,24007728.0,185339660160.0,4.1240662237155385,-1.837341259119157
2160,3145.0,2632.0,19.49088145896656,51842000000.0,903.93,26840000000.0,-3471000000.0,55682069.0,180371367251.88898,3.4792517119688475,-12.932190760059612
7826,6900.0,2725.0,153.21100917431193,67344000000.0,2652.420853926382,43900000000.0,7443000000.0,25389636.0,175188488399.99997,2.601397131147541,16.954441913439634
9708,1454.0,986.0,47.46450304259635,47258000000.0,397.7946127946128,41973000000.0,2564000000.0,118800000.0,172735200000.0,3.655152566761183,6.10868891906702
1723,10380.0,5140.0,101.94552529182879,44305000000.0,2702.348276913693,29874000000.0,7916000000.0,16395000.0,170180100000.0,3.8411037128992214,26.497958090647384
1952,3735.0,3150.0,18.571428571428573,76394000000.0,1679.37,104674000000.0,8844000000.0,48564450.0,169903946122.65314,2.2240483038282215,8.449089554235053
7972,3380.0,2385.0,41.719077568134175,56813000000.0,1147.78,153682000000.0,13685000000.0,53382850.0,167303786439.9101,2.9448152084894317,8.904751369711482
9726,1578.0,1542.0,2.3346303501945442,58742000000.0,554.65,233359000000.0,6375000000.0,27331013.0,167123187595.78113,2.8450374109798973,2.731842354483864
3433,2722.0,2124.0,28.154425612052727,68072000000.0,1112.2875816993464,42621000000.0,9528000000.0,61200000.0,166586400000.0,2.4472088377012575,22.355177025410008
9960,4040.0,3265.0,23.73660030627871,69575000000.0,1689.28,123195000000.0,12208000000.0,41964000.0,166392190755.82498,2.3915514301951126,9.909493080076302
7730,1538.0,1310.0,17.404580152671745,54689000000.0,511.0964966054264,7828000000.0,2255000000.0,107003277.0,164571040026.0,3.0092164791091442,28.80684721512519
6941,8910.0,3305.0,169.59152798789714,44203000000.0,2393.89,39595000000.0,9312000000.0,21829775.0,164522484324.67657,3.7219755293685175,23.518120974870566
9716,1333.0,1071.0,24.46311858076564,57851000000.0,482.507475525492,121216000000.0,9954000000.0,119896588.0,159822151804.0,2.762651497882491,8.21178722280887
6745,6400.0,3870.0,65.37467700258397,64536000000.0,2587.85,75812000000.0,7877000000.0,26400000.0,159603686457.87042,2.4730954267055667,10.390175697778716
4975,5900.0,4620.0,27.7056277056277,51071000000.0,1925.0319704723142,21514000000.0,8887000000.0,26529949.0,156526699100.0,3.064884163223747,41.30798549781537
186A,1070.0,695.0,53.956834532374096,10417000000.0,76.77538942302377,4415000000.0,-7137000000.0,135681500.0,145179205000.0,13.93675770375348,-161.65345413363534
2175,1657.0,1625.0,1.9692307692307676,43975000000.0,502.21786719292476,33475000000.0,4391000000.0,87561600.0,145089571200.0,3.2993648936895963,13.117251680358477
6961,15850.0,5290.0,199.6219281663516,60575000000.0,6716.64,32374000000.0,5200000000.0,9732897.0,142945542711.8321,2.3598108578098573,16.062272193735712
7721,8570.0,4205.0,103.80499405469679,42398000000.0,2547.63,39748000000.0,2038000000.0,17076439.0,142623088910.08505,3.363910771972382,5.127302002616483
6946,8370.0,4145.0,101.93003618817853,14062000000.0,838.7807556423246,19726000000.0,3371000000.0,16764810.0,140321459700.0,9.978769712700895,17.089120957112442
6227,22300.0,4325.0,415.60693641618496,12584000000.0,2002.8648734680885,14615000000.0,2857000000.0,6283000.0,140110900000.0,11.13405117609663,19.548409168662335
1965,6630.0,4610.0,43.817787418655094,59031000000.0,2877.51,69884000000.0,11288000000.0,21228604.0,136011874850.13084,2.3040753985216385,16.152481254650564
1871,2863.0,1888.0,51.64194915254237,62825000000.0,1341.85,114072000000.0,12326000000.0,47486029.0,134044770279.83755,2.1336214927152812,10.805456203099796
8153,4170.0,4010.0,3.990024937655856,59312000000.0,1852.9261719261317,78164000000.0,6151000000.0,32009910.0,133481324700.0,2.2504944142837875,7.869351619671459
9010,2428.0,2358.0,2.968617472434265,41405000000.0,754.3991555539538,40711000000.0,6991000000.0,54884738.0,133260143864.0,3.21845535234875,17.17226302473533
6284,8720.0,7220.0,20.775623268698062,59238000000.0,3951.5424743788117,11341000000.0,2586000000.0,14991108.0,130722461760.0,2.206733207738276,22.802222026276343
4971,7020.0,3240.0,116.66666666666666,30472000000.0,1668.73,20947000000.0,5748000000.0,19571093.0,128189365565.43,4.206791991514505,27.440683630114098
6524,4750.0,2995.0,58.597662771285485,23441000000.0,904.88,17454000000.0,4624000000.0,26000000.0,123049188842.71948,5.249314826275307,26.492494557121578
2588,3975.0,3485.0,14.060258249641322,29357000000.0,953.8985636413327,60572000000.0,10399000000.0,30775809.0,122333840775.0,4.1671097446946215,17.16799841510929
319A,13600.0,6630.0,105.12820512820511,9211000000.0,1029.91,14961000000.0,1432000000.0,8845978.0,121631598877.57182,13.205037333359224,9.571552703696277
4384,1886.0,1361.0,38.574577516531974,16478000000.0,259.88,17235000000.0,1126000000.0,59324511.0,119584069570.57103,7.257195628751732,6.533217290397447
3104,10290.0,6820.0,50.879765395894424,50250000000.0,4425.753038576713,34333000000.0,6019000000.0,11354000.0,116832660000.0,2.3250280597014923,17.53123816736085
3964,2527.0,1910.0,32.303664921465966,26622000000.0,580.82,64139000000.0,9517000000.0,48026400.0,115825546640.95589,4.350745497744568,14.83808603189947
1419,3930.0,3755.0,4.6604527296937315,27561000000.0,935.6731102193795,88443000000.0,-1123000000.0,29455800.0,115761294000.0,4.20018482638511,-1.2697443551213776
4461,9400.0,5840.0,60.95890410958904,54283000000.0,4569.72,60209000000.0,7059000000.0,10684321.0,111661152105.59946,2.057018810780529,11.724160839741566
6080,3400.0,3170.0,7.2555205047318605,43234000000.0,1361.3149028621808,5876000000.0,2215000000.0,31759000.0,107980600000.0,2.497585233843734,37.69571136827774
6330,2731.0,1695.0,61.120943952802364,39598000000.0,1026.9588498330602,131902000000.0,-20995000000.0,38558507.0,105303282617.0,2.6593081119500983,-15.917120286273143
6016,12430.0,10050.0,23.681592039801004,17542000000.0,2088.3333333333335,23446000000.0,4520000000.0,8400000.0,104412000000.0,5.952114924181963,19.278341721402374
7944,3890.0,3420.0,13.742690058479523,41364000000.0,1557.62,100952000000.0,9412000000.0,26580659.0,103302448607.49092,2.4973998793030394,9.323242729217846
6866,7630.0,6090.0,25.28735632183907,43956000000.0,3246.7,40531000000.0,6791000000.0,14024365.0,103300052360.85872,2.3500785412880774,16.755076361303693
5290,1786.0,1690.0,5.680473372781059,43075000000.0,746.4471196585491,30990000000.0,4728000000.0,57706700.0,103064166200.00002,2.3926678165989554,15.256534365924493
6993,126.0,45.0,179.99999999999997,6174000000.0,7.59,8092000000.0,-567000000.0,739896570.0,102493280632.41107,16.600790513833992,-7.006920415224914
4369,3060.0,2589.0,18.192352259559684,36149000000.0,1112.41,23883000000.0,5902000000.0,32498640.0,99438102857.75928,2.7507843331145887,24.712138341079427
8715,1317.0,906.0,45.36423841059602,28339000000.0,378.1600968038606,54995000000.0,,74939160.0,98694873720.0,3.4826519538445253,
1975,3745.0,3165.0,18.325434439178512,43756000000.0,1697.76,41441000000.0,4091000000.0,27200000.0,96519072189.23758,2.205847705211573,9.871866026398978
4549,2904.0,2485.0,16.861167002012078,43745000000.0,1324.21,31377000000.0,2779000000.0,34541438.0,95933031769.88544,2.1930056410992216,8.85680594065717
8237,1818.0,1397.0,30.136005726556903,26073000000.0,494.78,33815000000.0,1825000000.0,53289640.0,95801596669.22673,3.674360321759166,5.3970131598403075
6197,995.0,490.0,103.06122448979593,23642000000.0,249.54140354932906,105624000000.0,5509000000.0,94741793.0,94268084035.0,3.987314272692666,5.215670680905855
7088,1698.0,1333.0,27.38184546136535,14138000000.0,264.6613951538024,28155000000.0,3979000000.0,53419200.0,90705801599.99998,6.415744914415051,14.132480909252354
2492,399.0,360.0,10.83333333333334,12180000000.0,53.64,18817000000.0,2863000000.0,259431200.0,90600671140.9396,7.438478747203579,15.214965191050645
6855,7040.0,2890.0,143.59861591695503,30381000000.0,2398.529666024817,20675000000.0,5028000000.0,12666510.0,89172230399.99998,2.9351315098252195,24.319226118500605
1909,12380.0,7250.0,70.75862068965517,34883000000.0,4857.130763099897,43007000000.0,5965000000.0,7181812.0,88910832560.0,2.548829875870768,13.869835143116237
8771,1709.0,1486.0,15.006729475100933,21635000000.0,438.05,8253000000.0,3872000000.0,47942500.0,84406380550.16551,3.901381120876612,46.916272870471346
9348,577.0,531.0,8.662900188323919,16845000000.0,115.23443489768519,2743000000.0,-6948000000.0,146180263.0,84346011751.0,5.00718383799347,-253.29930732774332
9733,2754.0,1951.0,41.158380317785756,36061000000.0,1184.4549557800965,47725000000.0,4904000000.0,30445227.0,83846155158.0,2.3251200786999804,10.275536930330016
4970,10200.0,5330.0,91.36960600375235,25980000000.0,3190.3175458869096,30408000000.0,2071000000.0,8143390.0,83062578000.0,3.1971739030023096,6.810707708497763
6058,1333.0,1149.0,16.013925152306353,25347000000.0,417.34,46689000000.0,7198000000.0,46914039.0,80959292183.83093,3.1940384338908325,15.416907622780526
3673,895.0,720.0,24.305555555555557,24293000000.0,269.4,20815000000.0,2063000000.0,97896800.0,80706143281.36601,3.322197475872309,9.911121787172712
4588,2702.0,656.0,311.89024390243907,3999000000.0,136.38,28000000.0,-2024000000.0,29291600.0,79229344478.66257,19.812289191963632,-7228.571428571429
9279,3880.0,3035.0,27.841845140032937,10380000000.0,516.71,35878000000.0,3367000000.0,20018131.0,77943914381.37447,7.509047628263436,9.384581080327777
5036,1591.0,1550.0,2.645161290322573,27129000000.0,560.9059181580601,48687000000.0,2313000000.0,48366400.0,76950942400.0,2.8364828191234475,4.750754821615626
1514,1138.0,642.0,77.25856697819316,27779000000.0,413.23744471244026,8286000000.0,183000000.0,67222853.0,76499606714.0,2.753864671658447,2.2085445329471396
8739,1922.0,1608.0,19.527363184079594,37043000000.0,937.34,13684000000.0,6062000000.0,41507780.0,75956052232.91441,2.0504832824802097,44.299912306343174
