date,gross_return,txn_cost,net_return,capital,n_stocks,annual_pnl_yen,year
2016-05-09,0.7214712135163224,0.04615384615384615,0.6753173673624763,10067531.736736247,13,72147.12135163225,2016
2016-05-16,1.8368544255438997,0.4600000000000001,1.3768544255438997,10206146.992996536,15,257073.02360090864,2016
2016-05-23,2.2430147427054505,0.060000000000000005,2.1830147427054505,10428948.68651584,20,485998.40531600994,2016
2016-05-30,1.0608594885540703,0.030000000000000002,1.0308594885540705,10536456.493607225,20,596634.8970133483,2016
2016-06-06,-1.0333432333672639,0.030000000000000002,-1.0633432333672639,10424417.796445766,20,487757.1367999724,2016
2016-06-13,-0.01948684996978031,0.060000000000000005,-0.07948684996978031,10416131.755111683,20,485725.7461437559,2016
2016-06-20,-1.813377104940114,0.030000000000000002,-1.8433771049401142,10224123.167117558,20,296841.9976761638,2016
2016-06-27,-3.3901902051285235,0.030000000000000002,-3.420190205128524,9874438.707995526,20,-49775.224495731876,2016
2016-07-04,5.836794217192014,0.060000000000000005,5.776794217192014,10444864.712259183,20,526575.4429927209,2016
2016-07-11,0.4825068315183793,0.030000000000000002,0.45250683151837934,10492128.438625008,20,576972.628772224,2016
2016-07-19,8.116522400926982,0.030000000000000002,8.086522400926983,11340576.755148448,20,1428568.583827253,2016
2016-07-25,0.504694762834171,0.060000000000000005,0.4446947628341711,11391007.706053782,20,1485803.8807856767,2016
2016-08-01,-0.4756375543512259,0.060000000000000005,-0.5356375543512258,11329993.190961117,20,1431623.9703166427,2016
2016-08-08,-1.602387747892622,0.09000000000000001,-1.6923877478926221,11138245.774360223,20,1250073.5475876133,2016
2016-08-15,6.072903038964539,0.030000000000000002,6.042903038964539,11811319.166746374,20,1926488.4137060747,2016
2016-08-22,-2.7113746748481646,0.0,-2.7113746748481646,11491070.050093725,20,1606239.2970534263,2016
2016-08-29,2.2714806453788294,0.030000000000000002,2.2414806453788296,11748640.1612135,20,1867256.7291882285,2016
2016-09-05,-0.5760433934214535,0.030000000000000002,-0.6060433934214535,11677438.303699607,20,1799579.4637226986,2016
2016-09-12,0.5667336227220592,0.030000000000000002,0.5367336227220592,11740115.041348187,20,1865759.432862389,2016
2016-09-20,1.4217205747237398,0.0,1.4217205747237398,11907026.67238727,20,2032671.0639014726,2016
2016-09-26,1.8894027093020225,0.030000000000000002,1.8594027093020222,12128426.248930953,20,2257642.748446872,2016
2016-10-03,2.3465086696271698,0.030000000000000002,2.31650866962717,12409382.294476775,20,2542237.3218673742,2016
2016-10-11,2.3019507946809368,0.030000000000000002,2.2719507946809365,12691317.354131136,20,2827895.196210078,2016
2016-10-17,-0.434606795899437,0.030000000000000002,-0.46460679589943704,12632352.631214678,20,2772737.8684998592,2016
2016-10-24,0.4504248519120722,0.030000000000000002,0.4204248519120722,12685462.181057474,20,2829637.1241320185,2016
2016-10-31,3.754412960300884,0.0,3.754412960300884,13161726.817257162,20,3305901.7603317075,2016
2016-11-07,-0.011152636049414369,0.030000000000000002,-0.04115263604941437,13156310.419722239,20,3304433.8808419607,2016
2016-11-14,0.1712036892255381,0.060000000000000005,0.1112036892255381,13170940.722274935,20,3326957.9696464892,2016
2016-11-21,4.520705420746257,0.030000000000000002,4.490705420746257,13762408.871253412,20,3922377.4008416487,2016
2016-11-28,0.949773391752925,0.0,0.949773391752925,13893120.568776822,20,4053089.0983650577,2016
2016-12-05,-1.3041708077359513,0.030000000000000002,-1.3341708077359513,13707762.609864643,20,3871899.0756235113,2016
2016-12-12,1.9364224097149898,0.0,1.9364224097149898,13973202.796912594,20,4137339.2626714627,2016
2016-12-19,2.224504031453014,0.060000000000000005,2.1645040314530144,14275653.33477487,20,4448173.722211889,2016
2016-12-26,1.6695170937136825,0.0,1.6695170937136825,14513987.807438243,20,4686508.194875263,2016
2017-01-04,3.6999998299955745,0.030000000000000002,3.6699998299955747,14059646.243196195,20,501791.152647155,2017
2017-01-10,-0.17555047957000078,0.0,-0.17555047957000078,14034964.46679042,20,477109.3762413785,2017
2017-01-16,-0.5189031486199882,0.0,-0.5189031486199882,13962136.594264546,20,404281.50371550646,2017
2017-01-23,-0.18651640397824926,0.030000000000000002,-0.21651640397824926,13931906.278192114,20,378239.828621353,2017
2017-01-30,2.5614384310309317,0.0,2.5614384310309317,14288763.47977694,20,735097.0302061769,2017
2017-02-06,-1.299262899923526,0.030000000000000002,-1.3292628999235259,14098828.247982442,20,549448.4274556134,2017
2017-02-13,1.1105795610214626,0.030000000000000002,1.0805795610214626,14251177.30437366,20,706027.1323212268,2017
2017-02-20,2.080215346055265,0.0,2.080215346055265,14547632.481652785,20,1002482.3096003527,2017
2017-02-27,1.711044369206638,0.030000000000000002,1.6810443692066377,14792184.638338486,20,1251398.7560305486,2017
2017-03-06,1.4598777964362823,0.0,1.4598777964362823,15008132.457481448,20,1467346.5751735107,2017
2017-03-13,1.169076693193627,0.0,1.169076693193627,15183589.036125492,20,1642803.1538175542,2017
2017-03-21,0.6525593623518559,0.030000000000000002,0.6225593623518558,15278115.891210921,20,1741885.0856138212,2017
2017-03-27,-0.6034358480774301,0.0,-0.6034358480774301,15185922.26301254,20,1649691.45741544,2017
2017-04-03,1.9246711061903423,0.0,1.9246711061903423,15478201.321017269,20,1941970.5154201689,2017
2017-04-10,-2.034401113177568,0.0,-2.034401113177568,15163312.62104263,20,1627081.8154455284,2017
2017-04-17,-2.3754841877200237,0.030000000000000002,-2.4054841877200235,14798561.533608895,20,1266879.721798106,2017
2017-04-24,2.139507271610996,0.030000000000000002,2.1095072716109957,15110738.265254201,20,1583496.0219034962,2017
2017-05-01,3.321705863188661,0.030000000000000002,3.2917058631886613,15608139.322702665,20,2085430.3008315377,2017
2017-05-08,3.1610211381683304,0.030000000000000002,3.13102113816833,16096833.464171248,20,2578806.884096932,2017
2017-05-15,0.8711375086767078,0.18000000000000002,0.6911375086767078,16208084.71795136,20,2719032.4381125523,2017
2017-05-22,0.34304006577913937,0.09000000000000001,0.2530400657791394,16249097.6661832,20,2774632.662590551,2017
2017-05-29,0.28014839086938587,0.060000000000000005,0.22014839086938587,16284869.793226097,20,2820154.248233158,2017
2017-06-05,3.024890826859594,0.060000000000000005,2.964890826859594,16767698.403891487,20,3312753.7807744835,2017
2017-06-12,-0.49758142785295983,0.0,-0.49758142785295983,16684265.450755326,20,3229320.827638322,2017
2017-06-19,1.7252129881217624,0.030000000000000002,1.6952129881217624,16967099.285649244,20,3517159.9421674646,2017
2017-06-26,0.930284215619628,0.0,0.930284215619628,17124941.53215215,20,3675002.1886703703,2017
2017-07-03,0.0227018258266993,0.030000000000000002,-0.007298174173300703,17123691.72409206,20,3678889.8630699236,2017
2017-07-10,-1.0779114906896805,0.0,-1.0779114906896805,16939113.483367793,20,3494311.6223456576,2017
2017-07-18,1.4628904868722643,0.030000000000000002,1.4328904868722643,17181832.42903147,20,3742112.302054342,2017
2017-07-24,1.5553873735244264,0.030000000000000002,1.5253873735244263,17443921.93144404,20,4009356.3541956227,2017
2017-07-31,-0.17413463863666123,0.030000000000000002,-0.20413463863666123,17408312.844445225,20,3978980.4437762415,2017
2017-08-07,1.2649596323195247,0.030000000000000002,1.2349596323195247,17623298.48074202,20,4199188.573926369,2017
2017-08-14,1.0391054849062265,0.060000000000000005,0.9791054849062265,17795849.16278836,20,4382313.235061155,2017
2017-08-21,-0.5400342133288228,0.030000000000000002,-0.5700342133288229,17694406.734008078,20,4286209.561029707,2017
2017-08-28,3.342358803413071,0.030000000000000002,3.312358803413071,18280508.97317371,20,4877620.122215541,2017
2017-09-04,-0.32087955746020125,0.030000000000000002,-0.3508795574602013,18216366.404187165,20,4818961.705920949,2017
2017-09-11,-0.16601502675503138,0.030000000000000002,-0.19601502675503138,18180659.588706203,20,4788719.800361243,2017
2017-09-19,3.1623856327149036,0.030000000000000002,3.1323856327149033,18750147.95759564,20,5363662.367127293,2017
2017-09-25,0.8082854815324567,0.0,0.8082854815324567,18901702.68130274,20,5515217.090834393,2017
2017-10-02,2.5551870925955704,0.030000000000000002,2.52518709259557,19379006.03769179,20,5998190.958027831,2017
2017-10-10,0.7903775344107241,0.030000000000000002,0.7603775344107241,19526359.645994496,20,6151358.268141845,2017
2017-10-16,2.695821976789433,0.030000000000000002,2.6658219767894327,20046897.632704362,20,6677754.162745508,2017
2017-10-23,0.324286568488952,0.0,0.324286568488952,20111907.02912595,20,6742763.559167098,2017
2017-10-30,3.548708467839302,0.030000000000000002,3.5187084678393017,20819586.404803775,20,7456476.506953659,2017
2017-11-06,1.1735872218941905,0.030000000000000002,1.1435872218941907,21057676.53458033,20,7700812.512651656,2017
2017-11-13,0.03013964285119231,0.030000000000000002,0.00013964285119230733,21057705.94012024,20,7707159.221151938,2017
2017-11-20,0.09242893127098645,0.030000000000000002,0.06242893127098645,21070852.040888846,20,7726622.633702578,2017
2017-11-27,2.2890124463687584,0.030000000000000002,2.259012446368758,21546845.211048473,20,8208937.059474469,2017
2017-12-04,1.2518921243621766,0.0,1.2518921243621766,21816588.4692941,20,8478680.317720095,2017
2017-12-11,1.9157065814428484,0.0,1.9157065814428484,22234530.29044667,20,8896622.138872663,2017
2017-12-18,2.3157562920948704,0.09000000000000001,2.22575629209487,22729416.747404024,20,9411519.67309142,2017
2017-12-25,0.059818766204530444,0.0,0.059818766204530444,22743013.204067808,20,9425116.129755205,2017
2018-01-04,3.219491013863554,0.030000000000000002,3.1894910138635537,21492617.646651816,20,670565.2746024724,2018
2018-01-09,0.8311061707010905,0.030000000000000002,0.8011061707010905,21664796.332864333,20,849191.7461089871,2018
2018-01-15,1.2680058352256507,0.060000000000000005,1.2080058352256506,21926508.336755086,20,1123902.6277994597,2018
2018-01-22,0.24021001370054745,0.030000000000000002,0.21021001370054745,21972600.052933827,20,1176572.2964792307,2018
2018-01-29,0.844478035517875,0.0,0.844478035517875,22158153.834213044,20,1362126.0777584459,2018
2018-02-05,-1.0019836439420438,0.030000000000000002,-1.0319836439420438,21929485.310844447,20,1140105.0005401142,2018
2018-02-13,-4.4134152360826056,0.15,-4.563415236082606,20928751.836974874,20,172265.75463680841,2018
2018-02-19,4.467701114468247,0.060000000000000005,4.407701114468247,21851228.664937507,20,1107299.8337016287,2018
2018-02-26,1.7055449569344197,0.030000000000000002,1.6755449569344196,22217355.82486108,20,1479982.3622246787,2018
2018-03-05,-4.583328983102489,0.060000000000000005,-4.643328983102489,21185730.902566295,20,461687.85342481185,2018
2018-03-12,5.2846365436870215,0.060000000000000005,5.224636543687021,22292608.341348965,20,1581276.7307490245,2018
2018-03-19,-1.3845151942388638,0.060000000000000005,-1.4445151942388637,21970588.22666602,20,1272632.1810708877,2018
2018-03-26,-3.1688011447127478,0.060000000000000005,-3.228801144712748,21261201.622503303,20,576427.9298441708,2018
2018-04-02,3.3622919737797963,0.030000000000000002,3.332291973779796,21969686.93769912,20,1291291.6055267393,2018
2018-04-09,-0.03348782910327953,0.030000000000000002,-0.06348782910327952,21955738.86040159,20,1283934.434310517,2018
2018-04-16,-0.14472373258946847,0.09000000000000001,-0.2347237325894685,21904203.530630857,20,1252159.2695141474,2018
2018-04-23,1.7945758506592766,0.0,1.7945758506592766,22297291.077470813,20,1645246.8163541055,2018
2018-05-01,1.839201178525497,0.15,1.6892011785254968,22673937.181130707,20,2055338.8566302091,2018
2018-05-07,0.946832923961635,0.0,0.946832923961635,22888621.48352003,20,2270023.1590195335,2018
2018-05-14,3.970251590017029,0.18000000000000002,3.790251590017029,23756157.823232125,20,3178759.017401967,2018
2018-05-21,2.076647289253298,0.12000000000000001,1.9566472892532982,24220982.04131113,20,3672090.6248688526,2018
2018-05-28,-2.4700931109268374,0.060000000000000005,-2.5300931109268374,23608168.643285092,20,3073809.8160675997,2018
2018-06-04,1.2383448960652326,0.030000000000000002,1.2083448960652325,23893436.7441407,20,3366160.367516193,2018
2018-06-11,0.8184081016218762,0.030000000000000002,0.7884081016218761,24081814.535187405,20,3561706.189586139,2018
2018-06-18,-1.004437688367844,0.030000000000000002,-1.034437688367844,23832703.16959258,20,3319819.368351871,2018
2018-06-25,-2.1777065617530984,0.030000000000000002,-2.2077065617530987,23306547.01787435,20,2800813.027584515,2018
2018-07-02,-1.4064226130203168,0.030000000000000002,-1.4364226130203168,22971766.50619539,20,2473024.480010918,2018
2018-07-09,-1.035857364033106,0.030000000000000002,-1.065857364033106,22726920.241240613,20,2235069.7450080025,2018
2018-07-17,4.13022184504699,0.030000000000000002,4.10022184504699,23658774.389678366,20,3173741.9695181283,2018
2018-07-23,-0.1643892699031962,0.0,-0.1643892699031962,23619881.90319113,20,3134849.4830308915,2018
2018-07-30,2.525877038541063,0.030000000000000002,2.4958770385410634,24209405.112143394,20,3731458.656554112,2018
2018-08-06,0.6569727837690706,0.060000000000000005,0.5969727837690707,24353928.671775285,20,3890507.8592532924,2018
2018-08-13,-2.8624136576665555,0.060000000000000005,-2.922413657666555,23642206.134092953,20,3193397.6787740253,2018
2018-08-20,-0.6764909136268611,0.030000000000000002,-0.7064909136268611,23475176.095974654,20,3033460.302495954,2018
2018-08-27,3.6597080703646254,0.0,3.6597080703646254,24334299.010091346,20,3892583.216612646,2018
2018-09-03,-0.4942249991863601,0.0,-0.4942249991863601,24214032.821006715,20,3772317.0275280154,2018
2018-09-10,-2.6309113108660243,0.0,-2.6309113108660243,23576983.09270204,20,3135267.2992233383,2018
2018-09-18,4.42673817055617,0.0,4.42673817055617,24620674.402732253,20,4178958.609253554,2018
2018-09-25,4.5948418768847645,0.030000000000000002,4.564841876884764,25744569.258239623,20,5310239.6670817435,2018
2018-10-01,0.020353716113080993,0.030000000000000002,-0.00964628388691901,25742085.86400351,20,5315479.6436231015,2018
2018-10-09,-3.1160137065757243,0.030000000000000002,-3.1460137065757245,24932236.31436347,20,4513352.71974226,2018
2018-10-15,-4.558072688000019,0.0,-4.558072688000019,23795806.860410847,20,3376923.265789636,2018
2018-10-22,0.42310165246895226,0.0,0.42310165246895226,23896487.312455565,20,3477603.7178343544,2018
2018-10-29,-6.912071159110944,0.0,-6.912071159110944,22244745.10489072,20,1825861.5102695073,2018
2018-11-05,4.573303564983823,0.030000000000000002,4.543303564983823,23255391.402262785,20,2843181.2311730394,2018
2018-11-12,2.0901980081722225,0.030000000000000002,2.060198008172222,23734498.512724858,20,3329264.95905579,2018
2018-11-19,-2.774605982781666,0.030000000000000002,-2.8046059827816663,23068839.34745375,20,2670726.1433385005,2018
2018-11-26,-1.6586417407554312,0.0,-1.6586417407554312,22686209.94892907,20,2288096.74481382,2018
2018-12-03,4.5134812399549595,0.0,4.5134812399549595,23710147.77903078,20,3312034.574915529,2018
2018-12-10,-7.511401210315623,0.0,-7.511401210315623,21929183.45178904,20,1531070.2476737883,2018
2018-12-17,-1.0150253600209793,0.060000000000000005,-1.0750253600209794,21693439.168436784,20,1308483.4743926057,2018
2018-12-25,-13.868349282860953,0.0,-13.868349282860953,18684917.253093004,20,-1700038.4409511744,2018
2019-01-04,7.1612304916072915,0.0,7.1612304916072915,20022987.244753093,20,1338069.9916600878,2019
2019-01-07,3.3340528325336085,0.0,3.3340528325336085,20690564.218144625,20,2005646.9650516214,2019
2019-01-15,2.932639871900709,0.030000000000000002,2.9026398719007087,21291136.784861714,20,2612426.701034152,2019
2019-01-21,1.802145212328204,0.0,1.802145212328204,21674833.987080347,20,2996123.9032527865,2019
2019-01-28,-0.4043142136028118,0.0,-0.4043142136028118,21587199.55249577,20,2908489.4686682075,2019
2019-02-04,3.397285096198652,0.030000000000000002,3.3672850961986516,22314102.105713625,20,3641868.181751808,2019
2019-02-12,-1.801126754956767,0.030000000000000002,-1.8311267549567671,21905502.61192753,20,3239962.9185974286,2019
2019-02-18,2.405215444639645,0.030000000000000002,2.3752154446396454,22425805.493191976,20,3766837.4506454505,2019
2019-02-25,1.142298787656392,0.0,1.142298787656392,22681975.19746289,20,4023007.154916363,2019
2019-03-04,0.4667436351261726,0.030000000000000002,0.4367436351261726,22781037.280458707,20,4128873.830471418,2019
2019-03-11,-3.89696605656972,0.0,-3.89696605656972,21893267.99030474,20,3241104.5403174483,2019
2019-03-18,2.6311891571344876,0.0,2.6311891571344876,22469321.283808034,20,3817157.833820742,2019
2019-03-25,-2.697819836532804,0.0,-2.697819836532804,21863139.477079175,20,3210976.0270918817,2019
2019-04-01,2.2659893133679456,0.030000000000000002,2.2359893133679454,22351996.939353395,20,3706392.4312092243,2019
2019-04-08,0.39146055361844934,0.0,0.39146055361844934,22439496.190316968,20,3793891.6821727958,2019
2019-04-15,0.7014568416843093,0.060000000000000005,0.6414568416843094,22583435.873869244,20,3951295.063439264,2019
2019-04-22,-1.001627132775851,0.030000000000000002,-1.031627132775851,22350459.021881375,20,3725093.2422135547,2019
2019-05-07,-1.611379007547362,0.060000000000000005,-1.671379007547362,21976898.141699176,20,3364942.6374444827,2019
2019-05-13,-4.938277019927036,0.12000000000000001,-5.058277019927036,20865245.753304835,20,2279662.52682018,2019
2019-05-20,1.0283471658830459,0.09000000000000001,0.9383471658830458,21061034.195485502,20,2494229.6901788227,2019
2019-05-27,-0.8222599474218311,0.0,-0.8222599474218311,20887857.746783208,20,2321053.2414765297,2019
2019-06-03,-3.4648292576235686,0.0,-3.4648292576235686,20164129.14028187,20,1597324.634975194,2019
2019-06-10,4.5993076474063335,0.0,4.5993076474063335,21091539.473863743,20,2524734.968557067,2019
2019-06-17,0.6388009605819635,0.030000000000000002,0.6088009605819634,21219944.96878215,20,2659467.925317633,2019
2019-06-24,0.9800813423604563,0.030000000000000002,0.9500813423604563,21421551.706789706,20,2867440.6468158234,2019
2019-07-01,4.482092650388371,0.0,4.482092650388371,22381685.50143887,20,3827574.4414649894,2019
2019-07-08,-0.37519273278655596,0.0,-0.37519273278655596,22297711.04396233,20,3743599.9839884485,2019
2019-07-16,-0.8117954539380271,0.030000000000000002,-0.8417954539380271,22110009.926062018,20,3562588.179401325,2019
2019-07-22,-0.7025378285651912,0.0,-0.7025378285651912,21954678.742431916,20,3407256.995771221,2019
2019-07-29,2.9295126978773127,0.0,2.9295126978773127,22597843.843969632,20,4050422.097308935,2019
2019-08-05,-5.461014976160357,0.0,-5.461014976160357,21363772.207361117,20,2816350.4607004225,2019
2019-08-13,-4.211525015844439,0.030000000000000002,-4.241525015844439,20457622.464857873,20,1916609.8498593874,2019
2019-08-19,1.3143556391311806,0.030000000000000002,1.2843556391311806,20720371.09261744,20,2185495.764358414,2019
2019-08-26,-3.1344528839953063,0.0,-3.1344528839953063,20070900.823330365,20,1536025.4950713366,2019
2019-09-02,1.4703323434951046,0.0,1.4703323434951046,20366009.769766614,20,1831134.4415075881,2019
2019-09-09,4.406204151229047,0.0,4.406204151229047,21263377.737681784,20,2728502.409422758,2019
2019-09-17,5.584215772173832,0.0,5.584215772173832,22450770.631006308,20,3915895.3027472836,2019
2019-09-24,0.9333620993570171,0.0,0.9333620993570171,22660317.615089696,20,4125442.2868306725,2019
2019-09-30,-2.073655873048572,0.0,-2.073655873048572,22190420.60801293,20,3655545.279753905,2019
2019-10-07,-0.42839476406891813,0.0,-0.42839476406891813,22095358.00800333,20,3560482.6797443074,2019
2019-10-15,4.151533900377877,0.0,4.151533900377877,23012654.28611545,20,4477778.957856424,2019
2019-10-21,2.407770159438136,0.0,2.407770159438136,23566746.108911198,20,5031870.780652173,2019
2019-10-28,2.1894293828699127,0.0,2.1894293828699127,24082723.372806054,20,5547848.044547026,2019
2019-11-05,3.3896005611137205,0.0,3.3896005611137205,24899031.499382153,20,6364156.171123125,2019
2019-11-11,1.138120923278334,0.0,1.138120923278334,25182412.586570285,20,6647537.258311256,2019
2019-11-18,-0.37472235733146475,0.030000000000000002,-0.4047223573314647,25080493.73271698,20,6553173.1282339245,2019
2019-11-25,-0.7354469501901374,0.0,-0.7354469501901374,24896040.006467085,20,6368719.4019840285,2019
2019-12-02,1.7755406485548841,0.0,1.7755406485548841,25338079.316662394,20,6810758.712179338,2019
2019-12-09,2.4281797322841907,0.030000000000000002,2.3981797322841905,25945731.999384686,20,7426012.818696626,2019
2019-12-16,1.5638071870479935,0.030000000000000002,1.5338071870479935,26343689.501523457,20,7831754.040435215,2019
2019-12-23,-0.30429843481575874,0.0,-0.30429843481575874,26263526.066697598,20,7751590.605609356,2019
2019-12-30,0.6969766016880836,0.030000000000000002,0.6669766016880837,26438697.640340723,20,7934641.237072489,2019
2020-01-06,-1.3785233040156808,0.0,-1.3785233040156808,24484532.390255135,20,-342242.88277431356,2020
2020-01-14,0.4462039282032655,0.030000000000000002,0.4162039282032655,24586437.97586558,20,-232991.93744679424,2020
2020-01-20,1.1353093608947242,0.0,1.1353093608947242,24865570.107716158,20,46140.19440378301,2020
2020-01-27,-3.708004914121992,0.0,-3.708004914121992,23943553.546197593,20,-875876.3671147812,2020
2020-02-03,-3.009248305765584,0.0,-3.009248305765584,23223032.566768564,20,-1596397.3465438075,2020
2020-02-10,2.577978891122552,0.0,2.577978891122552,23821717.44421837,20,-997712.4690939982,2020
2020-02-17,-2.8183519077106585,0.030000000000000002,-2.8483519077106587,23143191.100946534,20,-1669092.2971325694,2020
2020-02-25,-5.998696736430829,0.030000000000000002,-6.028696736430829,21747958.29433782,20,-3057382.146410999,2020
2020-03-02,-6.276371737003464,0.030000000000000002,-6.306371737003463,20376451.199088402,20,-4422364.854172118,2020
2020-03-09,-11.83003679588662,0.030000000000000002,-11.860036795886622,17959796.589180637,20,-6832906.528720157,2020
2020-03-16,-11.332868228780194,0.060000000000000005,-11.392868228780195,15913660.629618328,20,-8868266.61032896,2020
2020-03-23,8.495828869400263,0.060000000000000005,8.435828869400263,17256109.807190053,20,-7516269.236379461,2020
2020-03-30,11.862763072329585,0.060000000000000005,11.802763072329585,19292807.563233726,20,-5469217.814451476,2020
2020-04-06,-6.322056457561887,0.030000000000000002,-6.352056457561886,18067317.53456835,20,-6688920.000847882,2020
2020-04-13,5.339578595857059,0.060000000000000005,5.279578595857059,19021195.763968952,20,-5724201.380926541,2020
2020-04-20,2.5212358700441255,0.060000000000000005,2.4612358700441255,19489352.25702307,20,-5244632.170414042,2020
2020-04-27,1.8034423393853298,0.030000000000000002,1.7734423393853296,19834984.681621067,20,-4893152.940138937,2020
2020-05-07,3.178378514783314,0.09000000000000001,3.0883785147833143,20447564.086938813,20,-4262722.048607731,2020
2020-05-11,4.99014706545168,0.060000000000000005,4.9301470654516795,21455659.067727376,20,-3242358.5293670027,2020
2020-05-18,-2.2197962779328795,0.21000000000000002,-2.4297962779328794,20934330.262293767,20,-3718630.450758383,2020
2020-05-25,3.105435019489401,0.09000000000000001,3.015435019489401,21565591.38811854,20,-3068528.427697545,2020
2020-06-01,3.6038188984959167,0.030000000000000002,3.5738188984959165,22336306.568719525,20,-2291343.569680121,2020
2020-06-08,1.95831783423089,0.030000000000000002,1.9283178342308898,22767021.55179263,20,-1853927.6946364006,2020
2020-06-15,-3.450351449508676,0.060000000000000005,-3.5103514495086765,21967819.080739323,20,-2639469.9527586303,2020
2020-06-22,4.051295224023967,0.030000000000000002,4.021295224023967,22851209.940255318,20,-1749488.7475184123,2020
2020-06-29,-0.740288153740845,0.0,-0.740288153740845,22682045.140081156,20,-1918653.547692573,2020
2020-07-06,0.29369626838438745,0.0,0.29369626838438745,22748661.460250836,20,-1852037.2275228922,2020
2020-07-13,-0.411869932278151,0.030000000000000002,-0.44186993227815097,22648141.96526224,20,-1945732.1240734132,2020
2020-07-20,0.8102335473402308,0.0,0.8102335473402308,22831644.809314035,20,-1762229.2800216174,2020
2020-07-27,0.5761089852537438,0.030000000000000002,0.5461089852537437,22956330.473098915,20,-1630694.1227939392,2020
2020-08-03,-3.803002788988453,0.030000000000000002,-3.833002788988453,22076413.68581563,20,-2503724.0109352972,2020
2020-08-11,1.972284921817101,0.0,1.972284921817101,22511823.464218937,20,-2068314.2325319888,2020
2020-08-17,1.5569510593742564,0.030000000000000002,1.5269510593742563,22855567.99109029,20,-1717816.1586213696,2020
2020-08-24,-0.9274152290913815,0.0,-0.9274152290913815,22643601.972845584,20,-1929782.1768660762,2020
2020-08-31,1.0825890516805463,0.030000000000000002,1.0525890516805463,22881946.04811788,20,-1684645.0210019297,2020
2020-09-07,-0.25894421452604294,0.030000000000000002,-0.28894421452604296,22815829.988840874,20,-1743896.4964645014,2020
2020-09-14,2.293331086881615,0.0,2.293331086881615,23339072.51070502,20,-1220653.9746003556,2020
2020-09-23,0.9746839400049346,0.030000000000000002,0.9446839400049346,23559552.980459757,20,-993171.7830924073,2020
2020-09-28,1.9820290182721652,0.030000000000000002,1.952029018272165,24019442.291213535,20,-526214.6064444901,2020
2020-10-05,-1.9587553593919276,0.060000000000000005,-2.0187553593919274,23534548.51266361,20,-996696.7196196865,2020
2020-10-12,-0.25290717847835903,0.0,-0.25290717847835903,23475027.95005261,20,-1056217.2822306845,2020
2020-10-19,-0.2845944551890829,0.0,-0.2845944551890829,23408219.322152674,20,-1123025.9101306216,2020
2020-10-26,0.4980909470587934,0.0,0.4980909470587934,23524813.543463983,20,-1006431.6888193119,2020
2020-11-02,-2.48305454670582,0.0,-2.48305454670582,22940679.591168933,20,-1590565.641114361,2020
2020-11-09,3.931650747802487,0.030000000000000002,3.9016507478024867,23835744.78798875,20,-688618.240417195,2020
2020-11-16,0.036036476353154406,0.0,0.036036476353154406,23844334.35052287,20,-680028.6778830732,2020
2020-11-24,0.6761911586126256,0.0,0.6761911586126256,24005567.631231137,20,-518795.39717480436,2020
2020-11-30,1.3413287735153254,0.0,1.3413287735153254,24327561.21711452,20,-196801.81129141978,2020
2020-12-07,1.158801676001503,0.0,1.158801676001503,24609469.404228736,20,85106.37582279491,2020
2020-12-14,3.3478621818117538,0.030000000000000002,3.317862181811754,25425977.682736177,20,908997.495151503,2020
2020-12-21,0.39941575646394195,0.0,0.39941575646394195,25527533.04383603,20,1010552.8562513568,2020
2020-12-28,0.5090365680187647,0.030000000000000002,0.4790365680187648,25649819.26202908,20,1140497.3343575557,2020
2021-01-04,0.5797536795931175,0.030000000000000002,0.5497536795931175,25557864.318276983,20,147362.5278912039,2021
2021-01-12,4.21188947831924,0.0,4.21188947831924,26634333.316381596,20,1223831.5259958196,2021
2021-01-18,-0.12211995635240191,0.0,-0.12211995635240191,26601807.480160877,20,1191305.6897751011,2021
2021-01-25,3.055702426490105,0.0,3.055702426490105,27414679.556822382,20,2004177.7664366034,2021
2021-02-01,-1.6302336341059875,0.0,-1.6302336341059875,26967756.230004683,20,1557254.4396189067,2021
2021-02-08,4.321905506132089,0.030000000000000002,4.291905506132089,28125186.844520535,20,2722775.381003759,2021
2021-02-15,0.8975281338855116,0.030000000000000002,0.8675281338855115,28369180.753104616,20,2975206.8456411976,2021
2021-02-22,-1.4581537335079746,0.0,-1.4581537335079746,27955514.484787595,20,2561540.577324177,2021
2021-03-01,-0.5240234393702802,0.0,-0.5240234393702802,27809021.036290754,20,2415047.1288273362,2021
2021-03-08,0.29739024680649534,0.030000000000000002,0.2673902468064953,27883379.64627416,20,2497748.4451216315,2021
2021-03-15,4.396176215915239,0.030000000000000002,4.366176215915239,29100817.136583135,20,3723550.949324487,2021
2021-03-22,2.592025831177255,0.0,2.592025831177255,29855117.833847027,20,4477851.646588379,2021
2021-03-29,0.47418924962714476,0.060000000000000005,0.41418924962714476,29978774.52237834,20,4619421.405819998,2021
2021-04-05,-1.7584349265662085,0.030000000000000002,-1.7884349265662087,29442623.648263596,20,4092264.1640619654,2021
2021-04-12,-0.5671292431657505,0.0,-0.5671292431657505,29275645.919599056,20,3925286.435397428,2021
2021-04-19,0.37066726983095716,0.060000000000000005,0.3106672698309571,29366595.769502852,20,4033801.6728529837,2021
2021-04-26,-1.4023139584113504,0.030000000000000002,-1.4323139584113505,28945973.919186026,20,3621989.8012670083,2021
2021-05-06,1.6896297409239602,0.09000000000000001,1.59962974092396,29409002.32679742,20,4111069.5854056682,2021
2021-05-10,2.5695427139303857,0.09000000000000001,2.4795427139303854,30138211.10123114,20,4866746.4619335085,2021
2021-05-17,-3.660404842120907,0.18000000000000002,-3.840404842120907,28980781.78277084,20,3763565.923455423,2021
2021-05-24,2.2452106991425866,0.0,2.2452106991425866,29631461.396052774,20,4414245.53673736,2021
2021-05-31,-2.2995783162422736,0.0,-2.2995783162422736,28950062.73500344,20,3732846.8756880304,2021
2021-06-07,2.595035504129602,0.0,2.595035504129602,29701327.141444575,20,4484111.282129163,2021
2021-06-14,0.4226657139521037,0.0,0.4226657139521037,29826864.467860214,20,4609648.6085447995,2021
2021-06-21,-2.0476805076062408,0.030000000000000002,-2.077680507606241,29207157.518781353,20,3998889.718806294,2021
2021-06-28,4.940790307080816,0.0,4.940790307080816,30650221.926443126,20,5441954.126468068,2021
2021-07-05,-0.4863607958704336,0.0,-0.4863607958704336,30501151.263145622,20,5292883.463170565,2021
2021-07-12,0.04366693379954109,0.0,0.04366693379954109,30514470.180675797,20,5306202.38070074,2021
2021-07-19,-1.467895270617129,0.0,-1.467895270617129,30066549.716039784,20,4858281.916064726,2021
2021-07-26,1.2557692147366641,0.0,1.2557692147366641,30444116.191307306,20,5235848.391332247,2021
2021-08-02,2.040436685771715,0.0,2.040436685771715,31065309.10673371,20,5857041.306758648,2021
2021-08-10,-1.2545320412043992,0.030000000000000002,-1.2845320412043992,30666265.25755853,20,5467317.050315485,2021
2021-08-16,0.7868706605187141,0.030000000000000002,0.7568706605187141,30898369.221969828,20,5708620.894304057,2021
2021-08-23,-1.6628249881499788,0.0,-1.6628249881499788,30384583.41761607,20,5194835.0899503,2021
2021-08-30,2.926294042051204,0.0,2.926294042051204,31273725.671867847,20,6083977.344202077,2021
2021-09-06,4.159880222213947,0.0,4.159880222213947,32574675.200841323,20,7384926.873175554,2021
2021-09-13,3.4893030299892325,0.0,3.4893030299892325,33711304.32963343,20,8521556.001967661,2021
2021-09-21,-1.704756857372761,0.0,-1.704756857372761,33136608.557364203,20,7946860.2296984345,2021
2021-09-27,1.7253858308723051,0.0,1.7253858308723051,33708342.90624458,20,8518594.578578817,2021
2021-10-04,-5.852005811994613,0.0,-5.852005811994613,31735728.720244076,20,6545980.392578309,2021
2021-10-11,0.5159987834033938,0.030000000000000002,0.4859987834033938,31889963.97572866,20,6709736.36667897,2021
2021-10-18,0.3127161631368789,0.0,0.3127161631368789,31989689.047499295,20,6809461.438449602,2021
2021-10-25,-1.1038581563743162,0.0,-1.1038581563743162,31636568.255749695,20,6456340.646699999,2021
2021-11-01,1.6478426148035272,0.0,1.6478426148035272,32157889.109329343,20,6977661.500279648,2021
2021-11-08,-2.202231984730848,0.0,-2.202231984730848,31449697.789749414,20,6269470.180699719,2021
2021-11-15,-0.10090255767358383,0.0,-0.10090255767358383,31417964.24029894,20,6237736.631249249,2021
2021-11-22,-0.345882071366137,0.0,-0.345882071366137,31309295.134803526,20,6129067.525753831,2021
2021-11-29,-3.0347272724689915,0.030000000000000002,-3.064727272468992,30349750.627989396,20,5178915.807480141,2021
2021-12-06,2.640241270220887,0.030000000000000002,2.610241270220887,31141952.3442903,20,5980222.44896944,2021
2021-12-13,2.411949384549226,0.0,2.411949384549226,31893080.472195026,20,6731350.576874163,2021
2021-12-20,-2.7295663492582873,0.060000000000000005,-2.7895663492582874,31003401.831600808,20,5860807.784563261,2021
2021-12-27,1.012927797891477,0.030000000000000002,0.9829277978914771,31308142.88649561,20,6174849.860007541,2021
2022-01-04,3.9117388395536996,0.030000000000000002,3.8817388395536994,31220329.142375443,20,1175623.1215815963,2022
2022-01-11,-0.9438492613384453,0.0,-0.9438492613384453,30925656.2963777,20,880950.2755838544,2022
2022-01-17,0.6379531940428905,0.030000000000000002,0.6079531940428905,31113669.811610255,20,1078241.4877053222,2022
2022-01-24,-2.571344593870964,0.030000000000000002,-2.601344593870964,30304296.044011068,20,278201.8210496198,2022
2022-01-31,-1.9734615575674888,0.0,-1.9734615575674888,29706252.411291063,20,-319841.8116703839,2022
2022-02-07,1.2178938313890357,0.030000000000000002,1.1878938313890357,30059131.151221648,20,41948.80398358661,2022
2022-02-14,1.186871158761945,0.030000000000000002,1.1568711587619451,30406876.57008456,20,398711.96219186374,2022
2022-02-21,0.17907166004620362,0.060000000000000005,0.1190716600462036,30443082.54278476,20,453162.0608341143,2022
2022-02-28,0.2711987353945224,0.0,0.2711987353945224,30525643.797655903,20,535723.3157052572,2022
2022-03-07,-1.8072276179715672,0.0,-1.8072276179715672,29973975.93238104,20,-15944.549569604918,2022
2022-03-14,1.0066250608017198,0.030000000000000002,0.9766250608017198,30266709.293055348,20,285781.0038844186,2022
2022-03-22,4.144073248208394,0.0,4.144073248208394,31520983.89598186,20,1540055.6068109293,2022
2022-03-28,0.5256030132028314,0.0,0.5256030132028314,31686659.13713032,20,1705730.8479593892,2022
2022-04-04,-1.1211662526657786,0.030000000000000002,-1.1511662526657787,31321893.01054644,20,1350470.7191166468,2022
2022-04-11,-2.269029880350886,0.0,-2.269029880350886,30611189.899045605,20,639767.6076158123,2022
2022-04-18,0.5479796994160233,0.030000000000000002,0.5179796994160234,30769749.64847235,20,807510.7140122706,2022
2022-04-25,-0.0707096429289105,0.060000000000000005,-0.1307096429289105,30729530.618576713,20,785753.533905716,2022
2022-05-02,2.516306877394879,0.18000000000000002,2.336306877394879,31447466.755809687,20,1559002.826252127,2022
2022-05-09,-0.1341351904319666,0.030000000000000002,-0.16413519043196662,31395850.396364007,20,1516820.7068331924,2022
2022-05-16,0.6333762251525379,0.27,0.3633762251525378,31509935.452388857,20,1715674.5589282208,2022
2022-05-23,5.550434960974659,0.030000000000000002,5.520434960974659,33249420.945283078,20,3464613.03245816,2022
2022-05-30,1.4337993920146428,0.030000000000000002,1.4037993920146428,33716176.11436135,20,3941343.027820018,2022
2022-06-06,2.0299132446534176,0.0,2.0299132446534176,34400585.23889745,20,4625752.152356111,2022
2022-06-13,-3.0331967628289034,0.030000000000000002,-3.0631967628289036,33346827.62546535,20,3582314.7144956766,2022
2022-06-20,-6.760464213029464,0.0,-6.760464213029464,31092427.277665142,20,1327914.3666954688,2022
2022-06-27,4.813980139708559,0.0,4.813980139708559,32589210.551765267,20,2824697.6407955955,2022
2022-07-04,-2.475551681484419,0.0,-2.475551681484419,31782447.801968545,20,2017934.8909988727,2022
2022-07-11,1.4936549055346124,0.0,1.4936549055346124,32257167.892661627,20,2492654.9816919533,2022
2022-07-19,0.7904016488793337,0.0,0.7904016488793337,32512129.079567,20,2747616.1685973257,2022
2022-07-25,1.9687726653094377,0.0,1.9687726653094377,33152218.989795636,20,3387706.078825962,2022
2022-08-01,2.5069028697942684,0.030000000000000002,2.476902869794268,33973367.25335436,20,4218800.008081629,2022
2022-08-08,2.0657565995209994,0.0,2.0657565995209994,34675174.32947004,20,4920607.084197303,2022
2022-08-15,1.7586375109864862,0.030000000000000002,1.728637510986486,35274582.39992921,20,5530417.70695532,2022
2022-08-22,0.8397762363493775,0.030000000000000002,0.8097762363493775,35560227.585675314,20,5826645.267421406,2022
2022-08-29,-1.1202146159359903,0.030000000000000002,-1.1502146159359903,35151208.65052478,20,5428294.400546569,2022
2022-09-05,-1.5970675482540764,0.0,-1.5970675482540764,34589820.10434817,20,4866905.854369959,2022
2022-09-12,1.7617831836245836,0.0,1.7617831836245836,35199217.73819257,20,5476303.488214361,2022
2022-09-20,-2.4774901579620368,0.030000000000000002,-2.507490157962037,34316600.81772777,20,4604246.333071012,2022
2022-09-26,-4.498773291221853,0.0,-4.498773291221853,32772774.74568461,20,3060420.2610278553,2022
2022-10-03,-2.6697865575896444,0.0,-2.6697865575896444,31897811.610975187,20,2185457.126318434,2022
2022-10-11,0.6373147904408858,0.0,0.6373147904408858,32101101.082198903,20,2388746.597542149,2022
2022-10-17,0.7382407308348722,0.0,0.7382407308348722,32338084.48543417,20,2625730.0007774155,2022
2022-10-24,0.9721922348860182,0.0,0.9721922348860182,32652472.831712443,20,2940118.3470556866,2022
2022-10-31,-0.376124112340451,0.0,-0.376124112340451,32529659.00811696,20,2817304.5234602015,2022
2022-11-07,3.054318797665011,0.030000000000000002,3.0243187976650105,33513459.60031577,20,3810864.0133614475,2022
2022-11-14,0.7619561328356946,0.030000000000000002,0.7319561328356946,33758763.42318569,20,4066221.874111466,2022
2022-11-21,1.4481755641136107,0.0,1.4481755641136107,34247649.58582719,20,4555108.036752964,2022
2022-11-28,2.1523292199392112,0.0,2.1523292199392112,34984771.75500534,20,5292230.205931113,2022
2022-12-05,-1.0099657706021146,0.0,-1.0099657706021146,34631437.53535651,20,4938895.9862822825,2022
2022-12-12,-0.12486911237888565,0.0,-0.12486911237888565,34588193.56670206,20,4895652.017627834,2022
2022-12-19,-0.19259033418121904,0.0,-0.19259033418121904,34521580.0491247,20,4829038.500050476,2022
2022-12-26,-0.4983103394833548,0.030000000000000002,-0.5283103394833548,34339198.97237215,20,4657013.897312664,2022
2023-01-04,-3.141529394461335,0.0,-3.141529394461335,32344071.71129163,20,-1049054.8878414526,2023
2023-01-10,2.3178462107450915,0.030000000000000002,2.2878462107450916,33084054.33033909,20,-299369.0472806045,2023
2023-01-16,1.3713578413446257,0.0,1.3713578413446257,33537755.103632912,20,154331.72601321683,2023
2023-01-23,4.658595332540861,0.0,4.658595332540861,35100143.39752974,20,1716720.019910044,2023
2023-01-30,0.45417352818129997,0.0,0.45417352818129997,35259558.957195,20,1876135.5795753004,2023
2023-02-06,0.48217174862912376,0.0,0.48217174862912376,35429570.589177825,20,2046147.2115581245,2023
2023-02-13,0.793476073566041,0.030000000000000002,0.763476073566041,35700066.88359339,20,2327272.3771504415,2023
2023-02-20,2.588249083600421,0.030000000000000002,2.558249083600421,36613363.51748765,20,3251279.0311097847,2023
2023-02-27,2.2606504888091585,0.0,2.2606504888091585,37441063.69881521,20,4078979.2124373433,2023
2023-03-06,0.25297233525812785,0.0,0.25297233525812785,37535779.23199958,20,4173694.7456217194,2023
2023-03-13,-1.2265731018557273,0.0,-1.2265731018557273,37075375.460367925,20,3713290.973990064,2023
2023-03-20,-5.265217440282131,0.0,-5.265217440282131,35123276.32557855,20,1761191.8392006909,2023
2023-03-27,3.155910178105512,0.0,3.155910178105512,36231735.378021605,20,2869650.8916437477,2023
2023-04-03,1.7565053147502963,0.030000000000000002,1.726505314750296,36857278.214949414,20,3506063.2491849605,2023
2023-04-10,-1.9045603519082028,0.030000000000000002,-1.934560351908203,36144251.923810504,20,2804094.1415105346,2023
2023-04-17,2.353116520336915,0.030000000000000002,2.3231165203369146,36983925.01140474,20,3654610.5046819127,2023
2023-04-24,0.6018852194916673,0.030000000000000002,0.5718852194916673,37195430.61213285,20,3877211.28291344,2023
2023-05-01,0.899054165914056,0.030000000000000002,0.8690541659140559,37518679.05139726,20,4211618.351361493,2023
2023-05-08,0.33222126571547533,0.0,0.33222126571547533,37643324.08182154,20,4336263.381785772,2023
2023-05-15,0.3316546634395418,0.21000000000000002,0.12165466343954179,37689118.94104073,20,4461109.221576793,2023
2023-05-22,1.1366348202322922,0.060000000000000005,1.0766348202322922,38094893.11899874,20,4889496.870899426,2023
2023-05-29,-1.8223731303185726,0.030000000000000002,-1.8523731303185729,37389233.55483883,20,4195265.774675214,2023
2023-06-05,0.6500083442921172,0.030000000000000002,0.6200083442921172,37621049.9227457,20,4438298.912648534,2023
2023-06-12,1.1341885197336687,0.030000000000000002,1.1041885197336687,38036457.23699593,20,4864992.541875589,2023
2023-06-19,0.6073110637042176,0.030000000000000002,0.5773110637042177,38256045.91286623,20,5095992.154916989,2023
2023-06-26,0.31508700929675315,0.030000000000000002,0.2850870092967531,38365108.93003441,20,5216531.985859032,2023
2023-07-03,2.3971884632348353,0.0,2.3971884632348353,39284792.89521267,20,6136215.951037294,2023
2023-07-10,-1.5977755045717177,0.0,-1.5977755045717177,38657110.097311236,20,5508533.153135856,2023
2023-07-18,-0.03432536658022884,0.0,-0.03432536658022884,38643840.90256102,20,5495263.9583856305,2023
2023-07-24,1.9019576343514737,0.0,1.9019576343514737,39378830.38481391,20,6230253.440638527,2023
2023-07-31,2.2909851704753796,0.0,2.2909851704753796,40280993.549236655,20,7132416.605061267,2023
2023-08-07,-0.5340940402514093,0.0,-0.5340940402514093,40065855.16333613,20,6917278.219160739,2023
2023-08-14,1.3215429981381548,0.030000000000000002,1.2915429981381548,40583322.91034237,20,7446765.722715982,2023
2023-08-21,-1.5391181443014779,0.030000000000000002,-1.569118144301478,39946522.626995735,20,6822140.436242444,2023
2023-08-28,2.837369723446992,0.0,2.837369723446992,41079953.16558401,20,7955570.974830723,2023
2023-09-04,3.829166184143398,0.0,3.829166184143398,42652972.8406625,20,9528590.649909211,2023
2023-09-11,0.20711550821506738,0.0,0.20711550821506738,42741313.762130275,20,9616931.571376985,2023
2023-09-19,3.4983458411798423,0.0,3.4983458411798423,44236552.73459339,20,11112170.543840097,2023
2023-09-25,-0.35666171192694823,0.0,-0.35666171192694823,44078777.88831272,20,10954395.69755943,2023
2023-10-02,-3.375249078615466,0.0,-3.375249078615466,42591009.343772486,20,9466627.153019197,2023
2023-10-10,-0.297713625869807,0.0,-0.297713625869807,42464210.10556059,20,9339827.914807305,2023
2023-10-16,-1.9907405505894453,0.0,-1.9907405505894453,41618857.8555017,20,8494475.664748408,2023
2023-10-23,-1.2311847379757586,0.0,-1.2311847379757586,41106452.829464935,20,7982070.638711646,2023
2023-10-30,1.328779616618803,0.0,1.328779616618803,41652666.99577789,20,8528284.8050246,2023
2023-11-06,2.097118804770847,0.0,2.097118804770847,42526172.90803492,20,9401790.717281638,2023
2023-11-13,0.42853363674186057,0.0,0.42853363674186057,42708411.86336486,20,9584029.672611572,2023
2023-11-20,2.088794392824041,0.0,2.088794392824041,43600502.77563102,20,10476120.584877735,2023
2023-11-27,1.8447735758495798,0.0,1.8447735758495798,44404833.32977342,20,11280451.13902014,2023
2023-12-04,0.9625795343465018,0.0,0.9625795343465018,44832265.167666495,20,11707882.976913212,2023
2023-12-11,0.4869138896976377,0.0,0.4869138896976377,45050559.69383394,20,11926177.503080657,2023
2023-12-18,-0.24209588200694152,0.030000000000000002,-0.2720958820069415,44927978.97608594,20,11817111.953240806,2023
2023-12-25,1.7177618619751664,0.0,1.7177618619751664,45699734.66429336,20,12588867.641448231,2023
2024-01-04,3.315962478025098,0.0,3.315962478025098,44572888.888777114,20,1430582.6858439578,2024
2024-01-09,1.066927835494178,0.030000000000000002,1.036927835494178,45035077.58074874,20,1906143.2444822125,2024
2024-01-15,3.4378169780199355,0.030000000000000002,3.4078169780199357,46569790.600609936,20,3454366.7876176424,2024
2024-01-22,1.4036541048546691,0.0,1.4036541048546691,47223469.37799763,20,4108045.5650053276,2024
2024-01-29,0.40091289869966457,0.0,0.40091289869966457,47412794.357947506,20,4297370.544955206,2024
2024-02-05,0.511834871076902,0.060000000000000005,0.45183487107690196,47627021.89620869,20,4540045.759831163,2024
2024-02-13,0.8596215961308739,0.030000000000000002,0.8296215961308738,48022145.95545361,20,4949457.925644953,2024
2024-02-19,0.7702049710369628,0.09000000000000001,0.6802049710369629,48348794.97944123,20,5319326.880992482,2024
2024-02-26,-0.03942231637035242,0.0,-0.03942231637035242,48329734.764523186,20,5300266.666074434,2024
2024-03-04,1.8604633506134511,0.030000000000000002,1.8304633506134511,49214392.84683647,20,6199423.668817076,2024
2024-03-11,-0.49012106030188807,0.030000000000000002,-0.5201210603018881,48958418.42494036,20,5958213.564775025,2024
2024-03-18,1.5797695064402004,0.030000000000000002,1.5497695064402006,49717161.064525485,20,6731643.729887633,2024
2024-03-25,1.6547818093095763,0.0,1.6547818093095763,50539871.6019264,20,7554354.267288543,2024
2024-04-01,-1.2914637594159672,0.060000000000000005,-1.3514637594159673,49856843.553171,20,6901650.141494302,2024
2024-04-08,2.058564343504126,0.030000000000000002,2.028564343504126,50868221.70428727,20,7927985.345676516,2024
2024-04-15,1.9912837135463162,0.030000000000000002,1.961283713546316,51865891.85194409,20,8940915.95984462,2024
2024-04-22,-2.590515920777735,0.0,-2.590515920777735,50522297.66606612,20,7597321.773966648,2024
2024-04-30,3.5892270523628906,0.060000000000000005,3.5292270523628906,52305344.26277223,20,9410681.749272399,2024
2024-05-07,1.076221414297535,0.030000000000000002,1.046221414297535,52852573.975271404,20,9973603.0650504,2024
2024-05-13,0.9480129518787888,0.24000000000000002,0.7080129518787888,53226777.04441764,20,10474652.311737292,2024
2024-05-20,0.14306197255215874,0.15,-0.006938027447841262,53223084.1560167,20,10550799.588902975,2024
2024-05-27,-1.4738839472774201,0.060000000000000005,-1.53388394727742,52406703.811901614,20,9766353.095281493,2024
2024-06-03,2.1040672223610413,0.060000000000000005,2.044067222361041,53477932.06684053,20,10869025.37250755,2024
2024-06-10,-0.5947191244917454,0.030000000000000002,-0.6247191244917454,53143845.19783627,20,10550981.883123346,2024
2024-06-17,-0.8853451533157821,0.060000000000000005,-0.9453451533157822,52641452.432972886,20,10080475.42537866,2024
2024-06-24,1.6339839080072458,0.060000000000000005,1.5739839080072457,53470020.42320917,20,10940628.287074726,2024
2024-07-01,1.7280710582684478,0.030000000000000002,1.6980710582684477,54377979.364865914,20,11864628.234858433,2024
2024-07-08,-0.2665013806331714,0.030000000000000002,-0.2965013806331714,54216747.90528867,20,11719710.169090644,2024
2024-07-16,2.1428888765222256,0.060000000000000005,2.0828888765222255,55346022.51662002,20,12881514.829165172,2024
2024-07-22,-3.4722315552304153,0.09000000000000001,-3.5622315552304147,53374469.037968054,20,10959772.77077816,2024
2024-07-29,-2.0968824447692516,0.030000000000000002,-2.126882444769252,52239256.82601071,20,9840572.899532208,2024
2024-08-05,-22.722869283876655,0.030000000000000002,-22.752869283876652,40353327.00551988,20,-2029685.1439108178,2024
2024-08-13,15.446122354147063,0.0,15.446122354147063,46586351.26876155,20,4203339.119330852,2024
2024-08-19,3.5833683962693903,0.030000000000000002,3.55336839626939,48241735.95172077,20,5872699.707670698,2024
2024-08-26,1.5657595686635821,0.060000000000000005,1.505759568663582,48968140.50690322,20,6628049.304424185,2024
2024-09-02,3.2021366994045555,0.030000000000000002,3.1721366994045557,50521476.86293869,20,8196076.1026117215,2024
2024-09-09,-6.685050282235686,0.060000000000000005,-6.7450502822356855,47113777.845205404,20,4818689.970996203,2024
2024-09-17,-0.36637515204755433,0.030000000000000002,-0.39637515204755436,46927030.53663612,20,4646076.795780485,2024
2024-09-24,4.150050384243,0.030000000000000002,4.120050384243,48860447.838574626,20,6593572.206879982,2024
2024-09-30,-0.27892956695328264,0.0,-0.27892956695328264,48724161.603007056,20,6457285.971312411,2024
2024-10-07,4.134710709598914,0.030000000000000002,4.104710709598914,50724147.48248798,20,8471889.099274226,2024
2024-10-15,-2.5759934548367354,0.030000000000000002,-2.6059934548367356,49402279.51907261,20,7165238.380103603,2024
2024-10-21,-0.7980724750686227,0.030000000000000002,-0.8280724750686227,48993192.8403187,20,6770972.385205421,2024
2024-10-28,-0.963568540728477,0.030000000000000002,-0.993568540728477,48506411.88915886,20,6298889.391897673,2024
2024-11-05,-0.5583215017430687,0.030000000000000002,-0.5883215017430687,48221038.23829088,20,6028067.664596442,2024
2024-11-11,-0.5312717593008048,0.030000000000000002,-0.5612717593008049,47950387.16861771,20,5771882.90639476,2024
2024-11-18,-1.830541814749277,0.030000000000000002,-1.860541814749277,47058250.165011406,20,4894131.018939041,2024
2024-11-25,-0.32789679920822695,0.0,-0.32789679920822695,46903947.668956935,20,4739828.522884568,2024
2024-12-02,-0.9803380457074913,0.0,-0.9803380457074913,46444130.42501941,20,4280011.278947052,2024
2024-12-09,0.27100917647457456,0.060000000000000005,0.21100917647457457,46542131.80215002,20,4405879.134332674,2024
2024-12-16,0.10799101135901394,0.0,0.10799101135901394,46592393.1209912,20,4456140.453173861,2024
2024-12-23,0.2517850383340925,0.0,0.2517850383340925,46709705.79587166,20,4573453.12805432,2024
2024-12-30,4.207738797785777,0.0,4.207738797785777,48675128.20897614,20,6538875.541158803,2024
2025-01-06,0.0006985242096935857,0.030000000000000002,-0.029301475790306418,47332882.34464756,20,330.72855066935017,2025
2025-01-14,-2.718769879427173,0.030000000000000002,-2.748769879427173,46031810.33169318,20,-1286541.4197003106,2025
2025-01-20,2.477178239605345,0.030000000000000002,2.4471782396053445,47158290.77742678,20,-146251.43086720235,2025
2025-01-27,1.242016152992955,0.030000000000000002,1.2120161529929552,47729856.87912458,20,439462.1580638252,2025
2025-02-03,-2.27646896842211,0.0,-2.27646896842211,46643301.49859902,20,-647093.2224617316,2025
2025-02-10,0.3590628663300709,0.09000000000000001,0.26906286633007087,46768801.302562125,20,-479614.4471498851,2025
2025-02-17,0.11908219280451718,0.09000000000000001,0.02908219280451718,46782402.6955293,20,-423921.1330104065,2025
2025-02-25,-0.7231727322591354,0.030000000000000002,-0.7531727322591353,46430050.39493091,20,-762238.7128001371,2025
2025-03-03,1.4226355648932363,0.060000000000000005,1.3626355648932362,47062722.77441009,20,-101708.30308399757,2025
2025-03-10,0.23430389814956343,0.030000000000000002,0.20430389814956343,47158873.751613535,20,8561.490951767642,2025
2025-03-17,1.122518092979315,0.060000000000000005,1.062518092979315,47659945.317669705,20,537928.3812589026,2025
2025-03-24,0.6590287206449847,0.030000000000000002,0.6290287206449847,47959740.06196154,20,852021.1091460406,2025
2025-03-31,-4.9474659163607955,0.030000000000000002,-4.977465916360796,45572560.346802175,20,-1520770.6839947405,2025
2025-04-07,-15.013996854049887,0.09000000000000001,-15.103996854049889,38689282.26571119,20,-8363033.460773606,2025
2025-04-14,10.803120543163184,0.060000000000000005,10.743120543163183,42845718.4968012,20,-4183383.6603241703,2025
2025-04-21,0.9593818104602667,0.0,0.9593818104602667,43256772.52662052,20,-3772329.6305048494,2025
2025-04-28,5.890738434684847,0.060000000000000005,5.830738434684847,45778961.78793438,20,-1224186.3056750186,2025
2025-05-07,0.1309190757605176,0.09000000000000001,0.04091907576051758,45797694.11599076,20,-1164252.9120094944,2025
2025-05-12,2.5918217125205274,0.15,2.441821712520527,46915992.15474875,20,22741.667922490044,2025
2025-05-19,1.2151720877256236,0.21000000000000002,1.0051720877256236,47387578.61256783,20,592851.7092665402,2025
2025-05-26,-1.0676371796104747,0.0,-1.0676371796104747,46881651.20478291,20,86924.3014816246,2025
2025-06-02,0.8060061266382881,0.0,0.8060061266382881,47259520.18576265,20,464793.28246136766,2025
2025-06-09,-0.5575561131140454,0.030000000000000002,-0.5875561131140454,46981843.98588284,20,201294.9386372817,2025
2025-06-16,0.9238645799908676,0.0,0.9238645799908676,47415892.60149498,20,635343.5542494229,2025
2025-06-23,-0.11137538132744615,0.030000000000000002,-0.14137538132744615,47348858.202519804,20,582533.9230546955,2025
2025-06-30,2.561698140117763,0.0,2.561698140117763,48561793.022460744,20,1795468.7429956421,2025
2025-07-07,2.2820750257610776,0.060000000000000005,2.2220750257610775,49640872.49727463,20,2903685.293623004,2025
2025-07-14,1.0053008673296167,0.030000000000000002,0.9753008673296167,50125020.35729054,20,3402725.415388095,2025
2025-07-22,0.1245095001851142,0.030000000000000002,0.0945095001851142,50172393.26349791,20,3465135.8277026443,2025
2025-07-28,4.068714386319772,0.030000000000000002,4.038714386319771,52198712.92819174,20,5506507.210375516,2025
2025-08-04,1.0184848508532338,0.030000000000000002,0.9884848508532338,52714689.29782728,20,6038143.193889517,2025
2025-08-12,4.93559198767979,0.030000000000000002,4.90559198767979,55300656.872351795,20,8639925.175203376,2025
2025-08-18,2.545584237005599,0.060000000000000005,2.485584237005599,56675201.28253152,20,10047649.979506517,2025
2025-08-25,1.7344704551023258,0.030000000000000002,1.7044704551023255,57641213.343762055,20,11030664.6011218,2025
2025-09-01,-0.24615216092917547,0.0,-0.24615216092917547,57499328.25153059,20,10888779.508890333,2025
2025-09-08,2.350947787381532,0.030000000000000002,2.320947787381532,58833857.63834372,20,12240558.694178935,2025
2025-09-16,3.2282920941712,0.030000000000000002,3.1982920941711996,60715536.25588681,20,14139887.469013523,2025
2025-09-22,-1.547616282313734,0.030000000000000002,-1.5776162823137339,59757678.07001984,20,13200243.94402332,2025
2025-09-29,0.3289022057385782,0.030000000000000002,0.29890220573857823,59936295.087869294,20,13396788.265293775,2025
2025-10-06,0.06274325770058255,0.030000000000000002,0.03274325770058254,59955920.18342609,20,13434394.249376938,2025
2025-10-14,-2.4815012256941267,0.0,-2.4815012256941267,58468113.289198175,20,11946587.355149027,2025
2025-10-20,1.6779034513178626,0.030000000000000002,1.6479034513178625,59431611.34601131,20,12927625.845948922,2025
2025-10-27,2.1385826793925222,0.0,2.1385826793925222,60702605.492341,20,14198619.9922786,2025
2025-11-04,-3.017339434523556,0.0,-3.017339434523556,58871001.83903733,20,12367016.338974934,2025
2025-11-10,0.08962959037129889,0.030000000000000002,0.059629590371298884,58906106.376281425,20,12419782.176770743,2025
2025-11-17,1.1312453788970076,0.0,1.1312453788970076,59572478.98255127,20,13086154.783040583,2025
2025-11-25,2.4953776688474805,0.030000000000000002,2.46537766884748,61041165.57616595,20,14572713.120350026,2025
