month,entry_date,exit_date,portfolio_return,benchmark_all_return,benchmark_small_return,portfolio_size,cumulative_return_strategy,cumulative_return_all,cumulative_return_small
2017-07,2017-07-03,2017-08-01,0.19228782110815,0.019532867856269873,0.11863359003170737,3,1.19228782110815,1.0195328678562698,1.1186335900317075
2017-08,2017-08-01,2017-09-01,-0.024905243418009933,0.024785942300730064,-0.0064929332277404985,9,1.1625936026991228,1.0448029506926533,1.111370376825324
2017-09,2017-09-01,2017-10-02,0.0,0.010307186656116409,0.006833596834485419,0,1.1625936026991228,1.0555719297243036,1.1189650339143384
2017-10,2017-10-02,2017-11-01,0.073720225268028,0.03632827989831156,0.04530563411316254,51,1.2483002649852704,1.093919042240129,1.169660454326284
2017-11,2017-11-01,2017-12-01,0.08554089215642306,0.02531202477001684,0.044388620502920376,96,1.3550809833312099,1.1216083481337045,1.221580068350647
2017-12,2017-12-01,2018-01-04,0.05694546408811491,0.03533941276990859,0.03751045062468465,11,1.4322466988039846,1.1612453285145767,1.267402087188613
2018-01,2018-01-04,2018-02-01,0.1326580969205911,0.0452024723424401,0.060253876494229044,46,1.6222458201881202,1.2137364883595445,1.3437679760186036
2018-02,2018-02-01,2018-03-01,-0.006705240542073821,-0.05144826698414718,-0.035497752337058,94,1.6113682717453852,1.1512918494580213,1.2960672332074257
2018-03,2018-03-01,2018-04-02,0.05451203402450334,0.017422187476165172,0.03848907037828505,11,1.6992072338007749,1.1713498718990598,1.3459516561613354
2018-04,2018-04-02,2018-05-01,0.0026196730725381485,0.016944145942841608,0.012884457164942336,42,1.7036586012358246,1.1911973950786463,1.363293512621229
2018-05,2018-05-01,2018-06-01,0.06196659805612746,0.002113704499320384,0.023047130019497132,108,1.8092285290034693,1.1937152343722028,1.3947135154613477
2018-06,2018-06-01,2018-07-02,0.010802348526859925,-0.033970492271661636,-0.03744684139288883,13,1.828772446138503,1.1531641402283972,1.3424858996593483
2018-07,2018-07-02,2018-08-01,0.05534461717889286,0.020603083097550275,0.013660135475007407,59,1.929985157077346,1.176922876834638,1.3608244389219821
2018-08,2018-08-01,2018-09-03,0.04875752118960548,-0.01377454267633486,-0.0075649368088472795,110,2.0240864492691686,1.1607113024409246,1.3505298880336023
2018-09,2018-09-03,2018-10-01,0.053196965412979864,0.03720849193435387,0.02874990021640035,16,2.1317617061038217,1.203899619575911,1.3893574875538348
2018-10,2018-10-01,2018-11-01,-0.02531101753773038,-0.0875026155074385,-0.07453137084551995,51,2.0778046481743657,1.0985552540546086,1.2858067694119601
2018-11,2018-11-01,2018-12-03,0.0584622363421378,0.027374483682743696,0.023373604999207365,97,2.1992777545887283,1.1286276369313188,1.3158607089455021
2018-12,2018-12-03,2019-01-04,-0.1341175506370188,-0.16467810464219224,-0.18977032151034604,14,1.9043160089728055,0.9427673768346729,1.0661493991460824
2019-01,2019-01-04,2019-02-01,0.10322555471134835,0.07023636923523506,0.0838380265236891,55,2.1008900853447243,1.0089839344169669,1.155533260749907
2019-02,2019-02-01,2019-03-01,0.06681496919493803,0.05677161521652616,0.058424979571827414,104,2.241260991678983,1.0662655821013436,1.2230452679037873
2019-03,2019-03-01,2019-04-01,0.015615849675037173,0.029389725029658222,0.07853398572684822,11,2.2762601864075664,1.0976028343678905,1.3190958875166328
2019-04,2019-04-01,2019-05-07,0.04923474298506355,0.01036523904571224,0.014676550752999187,51,2.3883312716524756,1.1089797501233651,1.338455665257843
2019-05,2019-05-07,2019-06-03,-0.05549382569188828,-0.07507868816374434,-0.06439153991317413,110,2.255793632368907,1.025719005283946,1.2522704438663785
2019-06,2019-06-03,2019-07-01,0.06812860418315037,0.07572974322480683,0.06266227147239949,14,2.4094777038674393,1.1033964421749034,1.3307405543767956
2019-07,2019-07-01,2019-08-01,0.05134570971167877,0.009729555862224928,0.020225033083549938,71,2.533194046606979,1.1141319994972245,1.3576548261146877
2019-08,2019-08-01,2019-09-02,-0.008954542747938095,-0.06325077691439858,-0.05163363144981814,108,2.5105104522278148,1.0436622849438326,1.287554177187015
2019-09,2019-09-02,2019-10-01,0.026536600598057757,0.04965015517184602,0.0536927664861797,14,2.577130865395834,1.0954802793382972,1.3566865229610225
2019-10,2019-10-01,2019-11-01,0.07393533657966511,0.04261359967142099,0.04520382056739503,61,2.7676719033387185,1.1421626374099558,1.4180139371111558
2019-11,2019-11-01,2019-12-02,0.10639252645367554,0.04333103718691608,0.05655491552194076,110,3.062131509529778,1.1916537291250726,1.4982095955334116
2019-12,2019-12-02,2020-01-06,0.1466324565899007,0.03058127290048881,0.044358661040608,12,3.51113937517347,1.2280960170183317,1.5646681671494644
2020-01,2020-01-06,2020-02-03,0.032916959318566294,-0.022842849345351177,-0.01201464472604707,55,3.6267154071478713,1.200042804719956,1.5458692350070085
2020-02,2020-02-03,2020-03-02,-0.13011513239790393,-0.12212367779440118,-0.1340597583829392,104,3.154824851777308,1.0534891638968467,1.3386303788703497
2020-03,2020-03-02,2020-04-01,-0.16629168728722435,-0.15490198015315446,-0.20414215733769442,14,2.630203704079592,0.890301606339334,1.0653594854499813
2020-04,2020-04-01,2020-05-01,0.22477269742341294,0.1404517002864304,0.1573364483891137,34,3.221401685418614,1.0153459807174336,1.232979363148335
2020-05,2020-05-01,2020-06-01,0.19824720241747873,0.13866197051433624,0.1682854546954647,111,3.860035557415805,1.1561358551575243,1.440471855905877
2020-06,2020-06-01,2020-07-01,0.10396821035646205,0.042322470390387223,0.026502851022223675,14,4.261356546232634,1.2050663806546937,1.4786484669046562
2020-07,2020-07-01,2020-08-03,-0.017515481370482908,-0.024949390757542378,-0.06671505940950125,50,4.186716835034112,1.1750007086349623,1.380000346589344
2020-08,2020-08-03,2020-09-01,0.22184261800308117,0.08661084269785503,0.1287126812928979,97,5.115509058555654,1.2767685101804134,1.5576238913839868
2020-09,2020-09-01,2020-10-01,0.0,0.0,0.0,0,5.115509058555654,1.2767685101804134,1.5576238913839868
2020-10,2020-10-01,2020-11-02,0.0,0.0,0.0,0,5.115509058555654,1.2767685101804134,1.5576238913839868
2020-11,2020-11-02,2020-12-01,0.09260867275123753,0.06564446414237818,0.0629883167542686,92,5.589249562915426,1.360581294865069,1.6557359984384978
2020-12,2020-12-01,2021-01-04,0.05298358255405392,-0.008767676647034598,0.009427682535829532,5,5.885388028547365,1.3486521580196884,1.6713457517949206
2021-01,2021-01-04,2021-02-01,0.021403343444185405,0.02933081967537137,0.026033108302113053,43,6.011355009824662,1.3882092312713645,1.7148560767616743
2021-02,2021-02-01,2021-03-01,0.018683749546731007,0.035978682421822485,0.03226910519257341,100,6.123669661264712,1.4381551703383193,1.7701929478928204
2021-03,2021-03-01,2021-04-01,0.20751815271258842,0.0440775891454897,0.07466818613018653,9,7.394442277192487,1.5015455830639535,1.9023700444124252
2021-04,2021-04-01,2021-05-06,0.016085258631553412,-0.01155644855567255,-0.0011846343662031942,30,7.513383793657221,1.4841930487792776,1.9001164314805787
2021-05,2021-05-06,2021-06-01,0.009532380076242922,-0.004967489236035135,0.0049403644062376685,123,7.585004223637046,1.4768203357852683,1.9095036990663725
2021-06,2021-06-01,2021-07-01,-0.0032387158293851696,0.015612583672483749,-0.013429665084701975,11,7.560438550392,1.4998773168469413,1.8838597039099116
2021-07,2021-07-01,2021-08-02,-0.0008922353029133933,-0.004919594222026666,-0.013559959437215888,46,7.553692860211833,1.4924985290652322,1.8583146427394877
2021-08,2021-08-02,2021-09-01,0.005576988116055193,0.012263450256544921,0.0030494951310803976,98,7.595819715525566,1.51080171053439,1.8639815641945372
2021-09,2021-09-01,2021-10-01,0.10612558449917237,-0.017500436828004968,0.018739931132192026,11,8.401930522586055,1.4843620206395411,1.8989124503392185
2021-10,2021-10-01,2021-11-01,0.0348792504731694,0.008759826926370706,0.007546769733679899,46,8.6949835617415,1.4973647750364214,1.9132431053463466
2021-11,2021-11-01,2021-12-01,-0.0032694385811703566,-0.06461899888759168,-0.037918803396483326,105,8.666555847022101,1.4006065623040238,1.8406952161850412
2021-12,2021-12-01,2022-01-04,0.03857817135132861,-0.0061393156276766045,-0.003737354508729075,8,9.000895723514379,1.3920077965478443,1.833815885619636
2022-01,2022-01-04,2022-02-01,-0.073753192336907,-0.08084943496555844,-0.07737720440901219,47,8.337050930013579,1.279464752729299,1.6919203389895519
2022-02,2022-02-01,2022-03-01,0.026119126486139545,0.019312154008033572,0.011670109571919622,101,8.55480741777599,1.304173973081858,1.7116652347325192
2022-03,2022-03-01,2022-04-01,0.15759155937138897,0.03679454575497277,0.09033609607828898,14,9.902972858865235,1.352160462006863,1.8662903898311833
2022-04,2022-04-01,2022-05-02,-0.023816225303227474,-0.034921696055223855,-0.018517368633134645,40,9.667121426086753,1.3049407253347682,1.8317316027062027
2022-05,2022-05-02,2022-06-01,0.01823477105832488,0.017933192698530716,0.013486668082864181,106,9.843399172084473,1.328342478822357,1.8564355588487942
2022-06,2022-06-01,2022-07-01,0.0713356839478792,-0.027913561309149376,0.004038796057200003,12,10.545584784397105,1.2912637096002018,1.8639333234643185
2022-07,2022-07-01,2022-08-01,0.03762625519608,0.05115023240920073,0.021810868753194556,54,10.94237564868673,1.3573121484478188,1.9045873285471047
2022-08,2022-08-01,2022-09-01,0.0480726944737259,0.0026034293147795275,0.015887194214625068,112,11.468405130062786,1.3608458146843943,1.9348458773344464
2022-09,2022-09-01,2022-10-03,-0.024169850584465177,-0.032868566880917716,-0.052688983272623086,10,11.191215491627055,1.3161167630098234,1.832900815268468
2022-10,2022-10-03,2022-11-01,0.01682303549523618,0.022892988333448487,0.007395108043730667,42,11.379485707077533,1.3462466087108633,1.8464553148308205
2022-11,2022-11-01,2022-12-01,0.06435761689956421,0.0353898810495456,0.038692618120817125,102,12.111842288727694,1.393890116056495,1.9178995052047225
2022-12,2022-12-01,2023-01-04,-0.048039172998655205,-0.054423990676161285,-0.04711164447301619,9,11.529999401687075,1.3180290533766428,1.827544105580544
2023-01,2023-01-04,2023-02-01,0.06321726412099607,0.051538746564388414,0.05892083664078375,44,12.258894419178453,1.3859586187231223,1.9352245332792826
2023-02,2023-02-01,2023-03-01,0.055633635402041054,0.029231020717474417,0.03937783002851189,105,12.940901281727143,1.42647160382058,2.0114294760177605
2023-03,2023-03-01,2023-04-03,0.04133679164337461,0.01793524262446605,0.02279581871489189,12,13.475836621687378,1.4520557181320135,2.0572816577108513
2023-04,2023-04-03,2023-05-01,0.040035611781254206,0.012324450332675367,0.00921553898655718,37,14.015349985100862,1.4699515067104088,2.0762406170338146
2023-05,2023-05-01,2023-06-01,0.051462502929377,0.0010763678434321177,0.02849086402718564,132,14.736614974765358,1.4715337152436363,2.135394506141445
2023-06,2023-06-01,2023-07-03,0.07680434039058112,0.05694936746611161,0.031074033651610555,9,15.868450967492171,1.5553366295318187,2.2017498268847486
2023-07,2023-07-03,2023-08-01,0.03213703246748137,0.002898017643349838,-0.0028655291863405644,50,16.378415891443105,1.55984402252555,2.1954406484947904
2023-08,2023-08-01,2023-09-01,0.05168655729931686,0.01389455275065892,0.017134940119906395,130,17.22495982288822,1.5815173575793313,2.233059392543557
2023-09,2023-09-01,2023-10-02,0.08919505259591361,-0.018852274537742516,-0.007531493473401258,8,18.761341020253234,1.5517021581680406,2.216241120302898
2023-10,2023-10-02,2023-11-01,-0.040379668913229694,-0.03733668810169585,-0.0640581446960761,42,18.003764281487214,1.493766738661792,2.074272825937141
2023-11,2023-11-01,2023-12-01,0.05807342666125571,0.031863042097434915,0.029075123111406986,114,19.049304566114696,1.5413626911395208,2.1345825637179097
2023-12,2023-12-01,2024-01-04,0.07550532388854488,-0.0012315532980525167,-0.02585232556081511,9,20.48762847723072,1.539464420833753,2.079398640344235
2024-01,2024-01-04,2024-02-01,0.08629303044184404,0.03893949906691769,0.04642527684200225,41,22.255568025097585,1.5994103942123616,2.175935297887099
2024-02,2024-02-01,2024-03-01,0.07068752755181985,0.03674570275717104,0.038738516717647074,106,23.828759103053073,1.6581818531448187,2.2602278038008166
2024-03,2024-03-01,2024-04-01,0.07087763835257568,0.024048586766922057,0.04390124037781453,7,25.517685273149915,1.6980587833155074,2.359454607924096
2024-04,2024-04-01,2024-05-01,-0.023045887182364975,-0.02951609010963451,-0.031064911794122872,36,24.929607577189806,1.6479387272557104,2.286158358646697
2024-05,2024-05-01,2024-06-03,-0.003994633349153047,0.003902664183933527,0.001992007134071845,105,24.830022935380665,1.6543700787038882,2.290712402406739
2024-06,2024-06-03,2024-07-01,0.01916054305265459,0.03159934499744931,0.040154939667189304,12,25.305779658832428,1.7066470895743096,2.3826958207202638
2024-07,2024-07-01,2024-08-01,0.019444306502098566,-0.025990762524692915,-0.016467967793388265,57,25.79783299479334,1.6622900303557253,2.3434576626832015
2024-08,2024-08-01,2024-09-02,0.02902664180371828,-0.0027439512526562537,-0.021218055603333796,123,26.54665745244535,1.6577287875446527,2.2937340476923307
2024-09,2024-09-02,2024-10-01,-0.04021331957523077,0.007093524676377724,-0.024565286373356525,10,25.47912823265598,1.6694879276058423,2.2373878139464503
2024-10,2024-10-01,2024-11-01,-0.00581999278265672,-0.025923186350006525,-0.024216751288809943,54,25.330839890233538,1.6262094809494299,2.183205549719495
2024-11,2024-11-01,2024-12-02,0.03706945374296508,0.0201612946308115,0.009717155240877054,113,26.269840287815,1.6589959694262701,2.2044200969688634
2024-12,2024-12-02,2025-01-06,0.048520472152211405,0.013127213703961218,0.0189447097184947,11,27.54446534194297,1.6807739640509392,2.2461821958035544
2025-01,2025-01-06,2025-02-03,0.03980311022222327,0.014034458412326629,0.0181016972201102,55,28.640820731960538,1.7043627163499335,2.286841905813193
2025-02,2025-02-03,2025-03-03,0.04337624287368769,0.025633622223598402,0.029928680276014762,120,29.88315192813181,1.7480517063528338,2.355284066054068
2025-03,2025-03-03,2025-04-01,-0.028992027004934928,0.004914161186721247,-0.011760516862209018,15,29.016778780438838,1.7566419142005747,2.327584708079947
2025-04,2025-04-01,2025-05-01,0.004907402988509911,0.009295907077962295,0.0027511305020960714,42,29.159175807342894,1.7729714942042372,2.333988197366558
2025-05,2025-05-01,2025-06-02,0.07537156729834106,0.05201182628951453,0.05284698424219364,133,31.356948589070196,1.865186979577049,2.4573324348542545
2025-06,2025-06-02,2025-07-01,0.056883839933193237,0.025498367130596267,0.024652803564058818,14,33.14065223340423,1.9127462019495125,2.5179125686623065
2025-07,2025-07-01,2025-08-01,0.12039692411609952,0.053228881187696066,0.0694661729317579,19,37.13068482550745,2.0145595422753,2.692822318584049
