date,Q1_ROE_value,Q1_ROE_return,Q1_ROA_value,Q1_ROA_return,Q2_ROE_value,Q2_ROE_return,Q2_ROA_value,Q2_ROA_return,Q3_ROE_value,Q3_ROE_return,Q3_ROA_value,Q3_ROA_return,Q4_ROE_value,Q4_ROE_return,Q4_ROA_value,Q4_ROA_return
2017-01-31,10000000.0,,10000000.0,,10000000.0,,10000000.0,,10000000.0,,10000000.0,,10000000.0,,10000000.0,
2017-02-28,10000000.0,0.0,10000000.0,0.0,10000000.0,0.0,10000000.0,0.0,10000000.0,0.0,10000000.0,0.0,10000000.0,0.0,10000000.0,0.0
2017-03-31,11031600.0,0.10315999999999992,10846100.0,0.08461000000000007,10045510.0,0.004550999999999972,9964590.0,-0.0035410000000000164,9960110.0,-0.00398900000000002,10069110.0,0.0069109999999998895,10021000.0,0.0020999999999999908,9853800.0,-0.014619999999999966
2017-04-28,10746120.0,0.0746119999999999,10860540.0,0.08605400000000007,10015880.0,0.0015879999999999228,10084810.0,0.008481000000000183,9842070.0,-0.015792999999999946,9943080.0,-0.005692000000000141,9879050.0,-0.012094999999999967,9698250.0,-0.030175000000000063
2017-05-31,11677450.0,0.1677449999999998,12484050.0,0.2484050000000002,10126550.0,0.01265499999999986,10628100.0,0.06281000000000025,11105490.0,0.11054900000000023,10984740.0,0.09847399999999995,10691300.0,0.06913000000000014,10508360.0,0.05083599999999988
2017-06-30,12683780.0,0.268378,12857400.0,0.2857400000000003,10382590.0,0.03825899999999982,11420470.0,0.14204700000000026,11609530.0,0.16095300000000035,11330380.0,0.133038,11398370.0,0.1398370000000002,10485200.0,0.0485199999999999
2017-07-31,12964790.0,0.29647899999999994,13106570.0,0.3106570000000004,10845430.0,0.08454299999999981,11569790.0,0.15697900000000042,11709160.0,0.1709160000000003,11438670.0,0.14386699999999997,11187350.0,0.11873500000000026,10614230.0,0.06142299999999978
2017-08-31,13663200.0,0.36632,13974450.0,0.3974450000000005,10912770.0,0.09127699999999983,11945580.0,0.19455800000000045,11544060.0,0.15440600000000027,11728020.0,0.1728019999999999,11021030.0,0.10210300000000028,10614460.0,0.06144599999999967
2017-09-29,14779320.0,0.4779319999999998,14736940.0,0.4736940000000007,11408400.0,0.14083999999999985,12590310.0,0.25903100000000046,11887650.0,0.18876500000000007,12000580.0,0.20005799999999985,11179920.0,0.11799200000000032,10713770.0,0.07137699999999958
2017-10-31,15692060.0,0.5692059999999999,15262880.0,0.5262880000000008,12371010.0,0.237101,13582610.0,0.3582610000000006,12481270.0,0.248127,12784670.0,0.2784669999999998,11457580.0,0.14575800000000028,10720450.0,0.07204499999999969
2017-11-30,16314790.0,0.6314789999999997,15600990.0,0.560099000000001,13054130.0,0.30541299999999993,15137230.0,0.5137230000000008,13148670.0,0.314867,13106150.0,0.31061499999999986,11509630.0,0.15096300000000018,10728950.0,0.07289499999999971
2017-12-29,17152450.0,0.7152449999999995,15851210.0,0.5851210000000011,13716030.0,0.3716029999999999,15927550.0,0.5927550000000008,13726370.0,0.3726370000000001,13912940.0,0.3912939999999998,11752390.0,0.17523900000000014,11020500.0,0.10204999999999975
2018-01-31,17063539.3425,0.7063539342499996,15531346.6885,0.553134668850001,13594219.3555,0.3594219355499999,16224448.2175,0.6224448217500009,13716889.9095,0.3716889909500001,13822537.614,0.3822537613999999,12292581.9715,0.22925819715000006,11634415.425,0.16344154249999998
2018-02-28,16801079.3425,0.6801079342499996,14833756.6885,0.48337566885000105,13585009.3555,0.35850093554999996,15931758.2175,0.5931758217500009,12964449.9095,0.29644499095,13138107.614,0.31381076139999986,11875221.9715,0.18752219715000007,11750365.425,0.1750365425
2018-03-30,17012969.3425,0.7012969342499997,14673576.6885,0.4673576688500012,14032509.3555,0.40325093555,16211198.2175,0.6211198217500009,13042049.9095,0.30420499095,13312697.614,0.33126976139999975,12136371.9715,0.21363719715000018,12260165.425,0.22601654250000003
2018-04-27,17652919.3425,0.76529193425,15156126.6885,0.5156126688500013,14069079.3555,0.40690793555000004,15840598.2175,0.5840598217500008,12727619.9095,0.27276199094999987,12847067.614,0.2847067613999996,11960121.9715,0.19601219715000018,11561245.425,0.15612454249999996
2018-05-31,18249229.3425,0.8249229342500002,15565486.6885,0.5565486688500012,14326909.3555,0.43269093554999993,16742798.2175,0.6742798217500008,13007419.9095,0.30074199095,12963407.614,0.29634076139999954,12750511.9715,0.27505119715000004,12361065.425,0.23610654249999996
2018-06-29,18337929.3425,0.8337929342500001,15551946.6885,0.5551946688500011,13943859.3555,0.3943859355499999,16497448.2175,0.6497448217500008,12624629.9095,0.26246299095000003,12557767.614,0.2557767613999995,12595861.9715,0.25958619715,12276455.425,0.2276455424999999
2018-07-31,18968589.3425,0.8968589342500002,15813286.6885,0.5813286688500012,14261899.3555,0.42618993554999984,17058108.2175,0.705810821750001,13253239.9095,0.3253239909500001,12945937.614,0.2945937613999994,12315391.9715,0.23153919714999982,12249835.425,0.22498354249999997
2018-08-31,18785239.3425,0.8785239342500002,15574956.6885,0.5574956688500012,14608899.3555,0.4608899355499998,17293378.2175,0.7293378217500011,13308939.9095,0.33089399095000016,13278457.614,0.32784576139999944,11870771.9715,0.18707719714999982,12208165.425,0.22081654249999993
2018-09-28,19487179.3425,0.9487179342500001,15981166.6885,0.598116668850001,14918059.3555,0.49180593554999974,17452498.2175,0.7452498217500012,13334829.9095,0.3334829909500001,13697627.614,0.3697627613999994,12029371.9715,0.20293719715000003,12669865.425,0.2669865425
2018-10-31,17765919.3425,0.7765919342500001,15151836.6885,0.5151836688500009,13829049.3555,0.3829049355499998,16541428.217500001,0.6541428217500012,12023949.9095,0.20239499095000024,12453397.614,0.24533976139999947,10465771.9715,0.04657719714999997,11174795.425,0.11747954249999992
2018-11-30,17865069.3425,0.7865069342500002,15093946.6885,0.5093946688500008,13720469.3555,0.3720469355499998,16449488.217500001,0.6449488217500012,11958889.9095,0.19588899095000034,13069027.614,0.3069027613999995,10753571.9715,0.07535719715,11592785.425,0.15927854250000006
2018-12-28,14653639.342500001,0.4653639342500002,13020636.6885,0.3020636688500007,11430929.3555,0.1430929355499999,13968558.217500001,0.3968558217500011,9917939.9095,-0.008206009049999685,10941067.614,0.09410676139999952,8564451.9715,-0.14355480285,9636415.425,-0.0363584575
2019-01-31,16010499.342500001,0.60104993425,14432626.6885,0.44326266885000076,13076669.3555,0.3076669355499999,15548708.217500001,0.5548708217500011,11081159.9095,0.10811599095000046,11737267.614,0.17372676139999954,9198101.9715,-0.08018980284999988,10700565.425,0.07005654249999993
2019-02-28,16187999.342500001,0.6187999342499999,14373456.6885,0.4373456688500008,14011879.3555,0.4011879355499999,15907938.217500001,0.5907938217500013,11205889.9095,0.12058899095000064,11844727.614,0.18447276139999969,9414371.9715,-0.05856280284999993,11045955.425,0.10459554250000003
2019-03-29,16398989.342500001,0.6398989342499999,15381676.6885,0.5381676688500008,14091959.3555,0.4091959355499999,16033158.217500001,0.6033158217500014,11370019.9095,0.13700199095000065,11937717.614,0.19377176139999963,9684881.9715,-0.03151180284999988,10970025.425,0.09700254250000007
2019-04-26,15931929.342500001,0.59319293425,15586556.6885,0.5586556688500008,14217169.3555,0.4217169355499999,16555798.217500001,0.6555798217500015,11896199.9095,0.1896199909500007,12212167.614,0.22121676139999957,9699751.9715,-0.030024802849999865,10843665.425,0.0843665425000002
2019-05-31,14960979.342500001,0.49609793425000004,14892206.6885,0.48922066885000093,13506799.3555,0.3506799355499999,15310378.217500001,0.5310378217500014,11207469.9095,0.12074699095000074,11214427.614,0.12144276139999954,9419691.9715,-0.05803080284999984,10717125.425,0.07171254250000003
2019-06-28,15761609.342500001,0.57616093425,15563606.6885,0.5563606688500009,13882529.3555,0.38825293554999973,15868048.217500001,0.5868048217500015,11724339.9095,0.17243399095000078,11502667.614,0.15026676139999973,9768401.9715,-0.023159802849999855,10508055.425,0.05080554250000002
2019-07-31,15891349.342500001,0.5891349342500001,15745206.6885,0.5745206688500009,14700789.3555,0.4700789355499997,16629438.217500001,0.6629438217500014,12100059.9095,0.21000599095000094,11880837.614,0.1880837613999995,10318181.9715,0.031818197150000005,10833705.425,0.08337054249999998
2019-08-30,14767499.342500001,0.4767499342499999,14579936.6885,0.4579936688500008,13462739.3555,0.34627393554999975,16279298.217500001,0.6279298217500013,11742669.9095,0.17426699095000098,11330347.614,0.1330347613999996,10247561.9715,0.024756197150000103,10421015.425,0.04210154249999998
2019-09-30,15692619.342500001,0.5692619342499998,15449896.6885,0.5449896688500007,14017519.3555,0.40175193554999966,17291638.2175,0.7291638217500012,12412869.9095,0.24128699095000106,12016747.614,0.2016747613999994,10529361.9715,0.052936197149999975,10444935.425,0.04449354249999993
2019-10-31,19340659.3425,0.9340659342499997,17010156.688500002,0.7010156688500011,15070989.3555,0.5070989355499997,18262678.2175,0.8262678217500012,13804869.9095,0.38048699095000127,13333177.614,0.33331776139999936,10816421.9715,0.08164219714999987,10643695.425,0.06436954249999993
2019-11-29,22022709.3425,1.20227093425,18602446.688500002,0.8602446688500014,15112169.3555,0.5112169355499996,19229728.2175,0.9229728217500013,14005049.9095,0.40050499095000114,13645637.614,0.36456376139999946,11425791.9715,0.1425791971499999,10913805.425,0.09138054250000005
2019-12-30,24863329.3425,1.48633293425,20194206.688500002,1.0194206688500014,15523679.3555,0.5523679355499995,19420528.2175,0.9420528217500013,14387079.9095,0.4387079909500011,13880947.614,0.38809476139999943,11435671.9715,0.14356719714999988,10939485.425,0.09394854250000018
2020-01-31,21535935.654,1.1535935654,18302765.943000004,0.8302765943000014,13727506.783,0.37275067829999964,17236600.512000002,0.7236600512000013,13068604.1185,0.3068604118500011,12636290.992,0.26362909919999944,10635553.6285,0.06355536284999985,10541426.754500002,0.05414267545000029
2020-02-28,18445785.654,0.8445785654000002,16271845.943000004,0.6271845943000014,11645496.783,0.16454967829999978,14371180.512000002,0.43711805120000125,11060654.1185,0.10606541185000107,11030210.992,0.10302109919999936,9044433.6285,-0.09555663715000018,8984426.754500002,-0.10155732454999977
2020-03-31,16050145.654,0.6050145654000001,14333335.943000004,0.4333335943000012,9840926.783,-0.0159073217000002,12920330.512000002,0.2920330512000011,9622314.1185,-0.03776858814999906,9971130.992,-0.002886900800000536,8411893.6285,-0.1588106371500001,8265226.754500002,-0.17347732454999976
2020-04-30,17955545.654,0.7955545654000002,15547945.943000004,0.5547945943000014,10955726.783,0.09557267829999994,14298360.512000002,0.42983605120000123,10796114.1185,0.07961141185000109,11042080.992,0.1042080991999994,9410673.6285,-0.05893263715000008,9395096.754500002,-0.0604903245499997
2020-05-29,20940555.654,1.0940555654000002,17926225.943000004,0.7926225943000016,12678246.783,0.2678246783,17038200.512000002,0.7038200512000015,12200304.1185,0.22003041185000116,12215050.992,0.2215050991999994,10033783.6285,0.0033783628499999274,10334206.754500002,0.03342067545000038
2020-06-30,21184155.654,1.1184155654000003,18219405.943000004,0.8219405943000018,12429306.783,0.24293067830000004,17253520.512000002,0.7253520512000016,12100104.1185,0.21001041185000124,12098030.992,0.2098030991999993,10403883.6285,0.040388362849999915,10590786.754500002,0.05907867545000056
2020-07-31,20415055.654,1.0415055654000005,17893065.943000004,0.7893065943000017,11749056.783,0.17490567830000003,16049680.512000002,0.6049680512000015,10868274.1185,0.08682741185000098,11835280.992,0.18352809919999924,9979523.6285,-0.0020476371500000035,9982646.754500002,-0.001735324549999473
2020-08-31,22551095.654,1.2551095654000006,19605605.943000004,0.960560594300002,13659836.783,0.3659836783000001,19241180.512000002,0.9241180512000016,12330854.1185,0.2330854118500012,13056630.992,0.3056630991999991,10665873.6285,0.06658736285,10757156.754500002,0.07571567545000057
2020-09-30,24262675.654,1.4262675654000008,20743405.943000004,1.074340594300002,14803906.783,0.48039067830000026,20538890.512000002,1.0538890512000019,13313164.1185,0.3313164118500014,14066180.992,0.40661809919999903,11113213.6285,0.11132136284999983,11332706.754500002,0.1332706754500006
2020-10-30,23434145.654,1.3434145654000007,19956185.943000004,0.995618594300002,14270516.783,0.42705167830000024,19897380.512000002,0.9897380512000018,12815964.1185,0.2815964118500014,14030400.992,0.40304009919999895,10590383.6285,0.05903836284999975,10894706.754500002,0.08947067545000054
2020-11-30,23955525.654,1.395552565400001,20953435.943000004,1.0953435943000018,15260826.783,0.5260826783000003,20710170.512000002,1.071017051200002,13367704.1185,0.33677041185000145,14373250.992,0.43732509919999885,11215723.6285,0.12157236284999984,11445286.754500002,0.1445286754500006
2020-12-30,25169655.654,1.516965565400001,21738245.943000004,1.1738245943000019,15031946.783,0.5031946783000003,20975290.512000002,1.0975290512000018,13134154.1185,0.31341541185000144,14633000.992,0.4633000991999987,10985723.6285,0.0985723628499997,11161206.754500002,0.1161206754500006
2021-01-29,24378063.194,1.4378063194000008,20904251.690500002,1.0904251690500018,15318090.9785,0.5318090978500003,21071458.172500003,1.107145817250002,13303844.1185,0.3303844118500012,14626592.728500001,0.46265927284999875,11166435.6075,0.11664356074999982,11178236.468500001,0.11782364685000046
2021-02-26,24944793.194,1.4944793194000008,21040911.690500002,1.104091169050002,16009730.9785,0.6009730978500003,23742648.172500003,1.374264817250002,13920734.1185,0.39207341185000133,15552952.728500001,0.5552952728499987,11238285.6075,0.12382856074999982,11303686.468500001,0.13036864685000027
2021-03-31,23834033.194,1.383403319400001,20217401.690500002,1.0217401690500019,16322980.9785,0.6322980978500001,24215788.172500003,1.4215788172500021,14844114.1185,0.48441141185000136,15702532.728500001,0.5702532728499985,11857835.6075,0.1857835607499998,11730786.468500001,0.17307864685000007
2021-04-30,23238323.194,1.323832319400001,19968981.690500002,0.9968981690500018,16406440.9785,0.6406440978500003,23749838.172500003,1.3749838172500022,14016004.1185,0.40160041185000117,15876812.728500001,0.5876812728499985,11097535.6075,0.10975356074999976,11396286.468500001,0.1396286468500001
2021-05-31,22950653.194,1.2950653194000008,19885571.690500002,0.9885571690500017,16906020.9785,0.6906020978500007,23247578.172500003,1.3247578172500023,14034344.1185,0.40343441185000106,15774152.728500001,0.5774152728499986,10698335.6075,0.0698335607499998,10740286.468500001,0.07402864684999999
2021-06-30,22768813.194,1.2768813194000006,19536101.690500002,0.9536101690500018,17213800.9785,0.7213800978500009,23736108.172500003,1.3736108172500026,14555644.1185,0.4555644118500013,16430242.728500001,0.6430242728499986,11100355.6075,0.11003556074999987,10995456.468500001,0.09954564685
2021-07-30,22279293.194,1.2279293194000007,18972751.690500002,0.8972751690500018,16502610.978500001,0.6502610978500007,23793418.172500003,1.3793418172500025,14300044.1185,0.43000441185000127,16208302.728500001,0.6208302728499986,10833365.6075,0.08333656074999984,10449866.468500001,0.04498664684999998
2021-08-31,23470323.194,1.3470323194000011,19894771.690500002,0.9894771690500022,17105030.9785,0.7105030978500009,24328118.172500003,1.4328118172500028,13611464.1185,0.3611464118500012,15492252.728500001,0.5492252728499987,10699605.6075,0.06996056074999979,11405006.468500001,0.14050064685000008
2021-09-30,23553813.194,1.355381319400001,19512611.690500002,0.9512611690500021,16619150.978500001,0.6619150978500008,24543308.172500003,1.454330817250003,13634824.1185,0.3634824118500013,15609922.728500001,0.5609922728499985,10649805.6075,0.0649805607499998,11058706.468500001,0.10587064685000014
2021-10-29,23621353.194,1.362135319400001,19215991.690500002,0.921599169050002,16827270.9785,0.6827270978500009,23529288.172500003,1.3529288172500027,13153844.1185,0.3153844118500013,15077522.728500001,0.5077522728499986,10566315.6075,0.056631560749999865,10775716.468500001,0.07757164685000006
2021-11-30,22802053.194,1.2802053194000007,18796761.690500002,0.8796761690500021,17175080.9785,0.717508097850001,22519648.172500003,1.2519648172500024,12295444.1185,0.22954441185000118,15327492.728500001,0.5327492728499985,9845365.6075,-0.015463439250000044,10030216.468500001,0.0030216468500001703
2021-12-30,24553363.194,1.4553363194000006,20019501.690500002,1.0019501690500023,18792860.9785,0.8792860978500012,24995658.172500003,1.4995658172500028,12489344.1185,0.2489344118500012,15023012.728500001,0.5023012728499985,9713195.6075,-0.028680439249999967,9775596.468500001,-0.022440353149999814
2022-01-31,21986169.0875,1.1986169087500005,17975830.882000003,0.7975830882000023,16610262.606500002,0.6610262606500013,22092225.734500002,1.2092225734500026,11451301.72,0.1451301720000011,12957856.0105,0.2957856010499986,8746615.6075,-0.12533843925,8763116.468500001,-0.12368835314999982
2022-02-28,21219619.0875,1.1219619087500003,17522590.882000003,0.7522590882000022,16104022.606500002,0.6104022606500012,21227455.734500002,1.1227455734500023,10703221.72,0.0703221720000009,12324656.0105,0.23246560104999858,8691835.6075,-0.13081643924999997,8694486.468500001,-0.13055135314999977
2022-03-31,21843399.0875,1.1843399087500006,17998460.882000003,0.7998460882000022,17619352.6065,0.7619352606500012,22506085.734500002,1.2506085734500023,11039001.72,0.10390017200000101,13080526.0105,0.30805260104999843,9808465.6075,-0.019153439250000015,9520116.468500001,-0.04798835314999983
2022-04-28,20628039.0875,1.0628039087500007,16461610.882000003,0.646161088200002,16785462.6065,0.6785462606500012,21436465.734500002,1.143646573450002,10022901.72,0.002290172000000812,12402876.0105,0.24028760104999858,9360515.6075,-0.06394843925000004,8749116.468500001,-0.12508835314999978
2022-05-31,21228149.0875,1.1228149087500006,17071350.882000003,0.7071350882000018,17172122.6065,0.7172122606500011,21834175.734500002,1.183417573450002,10258101.72,0.025810172000000797,12267706.0105,0.22677060104999858,9653615.6075,-0.0346384392500001,8743516.468500001,-0.12564835314999978
2022-06-30,21002349.0875,1.1002349087500005,16622050.882000003,0.6622050882000017,17383662.6065,0.7383662606500012,21638665.734500002,1.1638665734500018,10753951.72,0.07539517200000079,13041156.0105,0.30411560104999835,9422665.6075,-0.057733439250000074,8184466.468500001,-0.18155335314999976
2022-07-29,21897829.0875,1.1897829087500003,17412820.882000003,0.7412820882000017,17856202.6065,0.7856202606500011,21604095.734500002,1.1604095734500017,10988091.72,0.09880917200000083,13833206.0105,0.3833206010499981,9591015.6075,-0.04089843925000014,8646566.468500001,-0.1353433531499998
2022-08-31,22368069.0875,1.2368069087500002,17363890.882000003,0.7363890882000017,18343182.6065,0.8343182606500013,22384545.734500002,1.2384545734500017,11620111.72,0.16201117200000104,13884936.0105,0.38849360104999797,10340405.6075,0.03404056074999984,8896826.468500001,-0.11031735314999969
2022-09-30,20269329.0875,1.02693290875,15990260.882000003,0.5990260882000016,17250042.6065,0.7250042606500011,20766905.734500002,1.0766905734500014,10674171.72,0.06741717200000097,12794136.0105,0.27941360104999813,10171975.6075,0.017197560749999896,8848276.468500001,-0.11517235314999974
2022-10-31,21123269.0875,1.11232690875,16743540.882000003,0.6743540882000016,18034192.6065,0.803419260650001,22212515.734500002,1.2212515734500018,11112681.72,0.11126817200000105,13433386.0105,0.34333860104999814,10643025.6075,0.06430256075000007,9298196.468500001,-0.07018035314999982
2022-11-30,22037119.0875,1.2037119087500003,18049540.882000003,0.8049540882000017,18438052.6065,0.843805260650001,23178495.734500002,1.317849573450002,11775271.72,0.17752717200000112,13773136.0105,0.3773136010499982,11484325.6075,0.1484325607500001,9574646.468500001,-0.04253535314999979
2022-12-30,21769269.0875,1.1769269087500005,17720180.882000003,0.7720180882000018,17967852.6065,0.796785260650001,21345625.734500002,1.1345625734500016,11703991.72,0.1703991720000011,13048936.0105,0.3048936010499983,10275085.6075,0.027508560750000077,8921676.468500001,-0.10783235314999984
2023-01-31,22514833.342499997,1.2514833342500005,18570885.326,0.857088532600002,19064889.5545,0.9064889554500011,22444492.356500003,1.2444492356500017,11342416.1585,0.13424161585000105,12840847.387500001,0.2840847387499983,10980037.654,0.09800376539999989,9367526.468500001,-0.06324735314999985
2023-02-28,23579313.342499997,1.3579313342500003,19291135.326,0.929113532600002,19826209.5545,0.9826209554500009,23179762.356500003,1.3179762356500015,11593416.1585,0.15934161585000117,13329247.387500001,0.33292473874999806,10386507.654,0.0386507653999999,8901286.468500001,-0.10987135314999985
2023-03-31,23501803.342499997,1.35018033425,18485225.326,0.8485225326000019,19652059.5545,0.965205955450001,23122222.356500003,1.3122222356500015,11486876.1585,0.148687615850001,13424627.387500001,0.3424627387499981,11174237.654,0.11742376539999988,9458296.468500001,-0.05417035314999996
2023-04-28,23437353.342499997,1.3437353342500002,18442505.326,0.8442505326000018,19641419.5545,0.964141955450001,22041752.356500003,1.2041752356500015,11392186.1585,0.13921861585000106,13211227.387500001,0.3211227387499982,11003817.654,0.10038176539999988,9074276.468500001,-0.0925723531499999
2023-05-31,23849103.342499997,1.3849103342500002,19027785.326,0.9027785326000017,20609209.5545,1.0609209554500012,22796502.356500003,1.2796502356500015,11438236.1585,0.14382361585000103,13230927.387500001,0.3230927387499982,11622577.654,0.1622577653999997,9200246.468500001,-0.07997535314999993
2023-06-30,26168983.342499997,1.61689833425,20520355.326,1.052035532600002,22337929.5545,1.2337929554500016,24263412.356500003,1.4263412356500011,12145326.1585,0.21453261585000116,13805607.387500001,0.3805607387499983,12170057.654,0.21700576539999972,9395146.468500001,-0.06048535315000003
2023-07-31,27315713.342499997,1.7315713342499999,21464685.326,1.146468532600002,22404619.5545,1.2404619554500016,24272402.356500003,1.4272402356500011,11901326.1585,0.19013261585000119,14008227.387500001,0.4008227387499983,11566997.654,0.15669976539999975,9069696.468500001,-0.09303035314999997
2023-08-31,28586433.342499997,1.8586433342499995,22893405.326,1.289340532600002,23505599.5545,1.3505599554500014,25161122.356500003,1.5161122356500014,11707936.1585,0.1707936158500012,13697197.387500001,0.3697197387499984,11828277.654,0.18282776539999968,8935766.468500001,-0.10642335314999996
2023-09-29,29319603.342499997,1.9319603342499994,22830065.326,1.2830065326000022,23320659.5545,1.3320659554500014,25162502.356500003,1.5162502356500012,11609686.1585,0.16096861585000122,13432197.387500001,0.34321973874999845,11128317.654,0.11283176539999973,8809526.468500001,-0.11904735314999992
2023-10-31,28538453.342499997,1.8538453342499994,22374155.326,1.2374155326000023,22659429.5545,1.2659429554500017,24767872.356500003,1.4767872356500011,10871086.1585,0.08710861585000118,12878327.387500001,0.2878327387499984,10206407.654,0.020640765399999816,8290076.468500001,-0.17099235314999994
2023-11-30,29751553.342499997,1.9751553342499992,23566685.326,1.3566685326000028,24886149.5545,1.4886149554500014,26095292.356500003,1.609529235650001,11206136.1585,0.1206136158500013,13853567.387500001,0.3853567387499983,10644237.654,0.06442376539999994,8774476.468500001,-0.12255235315000002
2023-12-29,30023933.342499997,2.0023933342499993,23487745.326,1.3487745326000025,24741689.5545,1.4741689554500015,26246652.356500003,1.624665235650001,11311676.1585,0.13116761585000147,13396817.387500001,0.3396817387499984,10594387.654,0.05943876539999993,8775466.468500001,-0.12245335315000005
2024-01-31,32450244.123999998,2.2450244123999994,25184712.545500003,1.5184712545500028,25483281.873499997,1.548328187350001,27114611.101000004,1.711461110100001,12081372.3495,0.20813723495000147,13889697.492,0.3889697491999984,10787232.2865,0.07872322864999992,8878716.468500001,-0.11212835315000014
2024-02-29,34553204.124,2.455320412399999,26937022.545500003,1.6937022545500033,26546091.873499997,1.654609187350001,27068561.101000004,1.7068561101000008,12132972.3495,0.2132972349500013,13675497.492,0.3675497491999984,11677282.2865,0.16772822864999992,8762066.468500001,-0.12379335315000017
2024-03-29,36174904.124,2.617490412399999,27884722.545500003,1.7884722545500034,26934811.873499997,1.693481187350001,27145161.101000004,1.7145161101000008,12229362.3495,0.22293623495000126,13581757.492,0.3581757491999984,11573032.2865,0.1573032286499998,8510286.468500001,-0.1489713531500002
2024-04-30,35356974.124,2.5356974123999994,27027232.545500003,1.702723254550003,26170081.873499997,1.617008187350001,26638781.101000004,1.6638781101000006,11836412.3495,0.18364123495000118,13057357.492,0.3057357491999986,11031002.2865,0.10310022864999979,7988176.468500001,-0.2011823531500001
2024-05-31,38521494.124,2.8521494123999993,29058962.545500003,1.905896254550003,26765071.873499997,1.6765071873500008,26931621.101000004,1.6931621101000007,11969762.3495,0.19697623495000105,12964097.492,0.29640974919999863,10943152.2865,0.09431522864999975,8019526.468500001,-0.1980473531500001
2024-06-28,39771344.124,2.9771344123999994,31305622.545500003,2.1305622545500036,27691531.873499997,1.769153187350001,27393571.101000004,1.7393571101000007,12541572.3495,0.254157234950001,13838617.492,0.3838617491999985,11464432.2865,0.1464432286499997,8395636.468500001,-0.16043635315000015
2024-07-31,37625054.124,2.7625054123999995,30199542.545500003,2.0199542545500035,26101711.873499997,1.610171187350001,27339211.101000004,1.7339211101000007,12584392.3495,0.2584392349500011,13663167.492,0.36631674919999857,11193552.2865,0.1193552286499997,8225526.468500001,-0.17744735315000015
2024-08-30,37634414.124,2.7634414123999997,30840352.545500003,2.0840352545500034,25199451.873499997,1.5199451873500012,27034261.101000004,1.7034261101000006,12269542.3495,0.2269542349500011,13601357.492,0.3601357491999986,11001462.2865,0.10014622864999967,8157566.468500001,-0.18424335315000018
2024-09-30,34269294.124,2.4269294124,28738952.545500003,1.8738952545500034,24288301.873499997,1.428830187350001,26289541.101000004,1.6289541101000005,11345742.3495,0.13457423495000098,12143817.492,0.21438174919999864,10777152.2865,0.07771522864999958,8110726.468500001,-0.1889273531500002
2024-10-31,34511874.124,2.4511874123999995,28721602.545500003,1.8721602545500033,23174941.873499997,1.3174941873500008,26227501.101000004,1.6227501101000006,11351592.3495,0.13515923495000104,12105197.492,0.2105197491999986,10071752.2865,0.007175228649999532,7839926.468500001,-0.2160073531500002
2024-11-29,33278184.123999998,2.3278184123999996,28994492.545500003,1.8994492545500035,22651951.873499997,1.2651951873500007,26102571.101000004,1.6102571101000005,11381112.3495,0.13811123495000088,11806067.492,0.18060674919999875,10245852.2865,0.02458522864999968,7899376.468500001,-0.2100623531500001
2024-12-30,34050654.124,2.4050654123999995,29388622.545500003,1.9388622545500036,22925221.873499997,1.2925221873500008,26118501.101000004,1.6118501101000002,10976862.3495,0.09768623495000073,11728717.492,0.1728717491999987,10414942.2865,0.04149422864999952,7951386.468500001,-0.2048613531500001
2025-01-31,32089016.349,2.2089016348999997,27399554.859000005,1.7399554859000035,23033780.665499996,1.303378066550001,26135111.215500005,1.6135111215500002,11276352.067,0.12763520670000061,11598137.492,0.1598137491999987,10575152.2865,0.057515228649999584,7916526.468500001,-0.20834735315000008
2025-02-28,32177916.349,2.2177916348999993,27487294.859000005,1.7487294859000038,23857590.665499996,1.3857590665500013,26313871.215500005,1.63138712155,11225852.067,0.12258520670000062,11721747.492,0.17217474919999853,10992712.2865,0.09927122864999949,7964066.468500001,-0.20359335315000004
2025-03-31,31904876.349,2.1904876348999993,27281114.859000005,1.7281114859000035,24600960.665499996,1.4600960665500016,26587531.215500005,1.6587531215499998,11058182.067,0.10581820670000064,11860367.492,0.18603674919999857,10722102.2865,0.07221022864999949,7677876.468500001,-0.23221235315
2025-04-30,32050076.349,2.2050076348999994,27913384.859000005,1.7913384859000034,24312280.665499996,1.4312280665500015,27226931.215500005,1.7226931215499999,10818482.067,0.08184820670000059,11893007.492,0.1893007491999985,10758302.2865,0.07583022864999944,8046126.468500001,-0.19538735315
2025-05-30,34282326.349,2.428232634899999,29324574.859000005,1.9324574859000037,27504280.665499996,1.7504280665500014,29953371.215500005,1.99533712155,11341682.067,0.13416820670000051,12425927.492,0.24259274919999863,11511102.2865,0.15111022864999946,8452576.468500001,-0.15474235314999996
2025-06-30,35851466.349,2.5851466348999987,30154844.859000005,2.015484485900004,28564300.665499996,1.8564300665500015,30617141.215500005,2.0617141215499997,12002132.067,0.20021320670000042,12681457.492,0.2681457491999988,12399302.2865,0.23993022864999936,8849066.468500001,-0.11509335314999991
2025-07-31,37944616.349,2.7944616348999984,31843964.859000005,2.1843964859000042,27928120.665499996,1.7928120665500016,29622471.215500005,1.9622471215499995,12489282.067,0.2489282067000005,13007857.492,0.3007857491999988,12166852.2865,0.2166852286499994,8803076.468500001,-0.11969235314999993
2025-08-29,41903466.349,3.1903466348999983,33843624.859000005,2.384362485900005,30864490.665499996,2.086449066550002,31221751.215500005,2.1221751215499998,13699582.067,0.36995820670000046,13238857.492,0.3238857491999987,13082952.2865,0.30829522864999936,9459926.468500001,-0.05400735314999994
2025-09-30,42931536.349,3.2931536348999986,34143764.859000005,2.4143764859000054,31027640.665499996,2.102764066550002,31546561.215500005,2.15465612155,13346632.067,0.3346632067000004,12626207.492,0.2626207491999988,12340902.2865,0.2340902286499995,9529826.468500001,-0.047017353149999885
2025-10-31,43132336.349,3.313233634899998,34266964.859000005,2.4266964859000058,31497780.665499996,2.149778066550002,32150101.215500005,2.2150101215499998,12692832.067,0.2692832067000004,12219407.492,0.22194074919999873,12432052.2865,0.2432052286499995,9417876.468500001,-0.05821235314999984
2025-11-28,41530876.349,3.1530876348999977,33212064.859000005,2.3212064859000057,31376980.665499996,2.137698066550002,32169751.215500005,2.21697512155,12467032.067,0.24670320670000034,12253307.492,0.22533074919999874,12295252.2865,0.22952522864999958,9452076.468500001,-0.05479235314999986
2025-12-30,41266676.349,3.1266676348999978,34568574.859000005,2.456857485900006,32057530.665499996,2.205753066550002,33698451.215500005,2.36984512155,12328332.067,0.2328332067000003,12067907.492,0.20679074919999874,12011202.2865,0.20112022864999957,9261026.468500001,-0.0738973531499999
2026-01-22,40073017.9385,3.007301793849998,34080490.58800001,2.408049058800006,31172894.205999997,2.117289420600002,33327895.841500003,2.33278958415,12156033.445,0.2156033445000003,11956911.2885,0.1956911288499985,12116527.8425,0.21165278424999956,9072506.607500002,-0.09274933924999984
