Code,FCF,CashEq,EquityRatio,MarketCap,CapGroup,TheoreticalValue,ValuationGap,CashRatio,FCFYield
23840,63974000000.0,20439000000.0,0.36486167010713505,26279800000.0,Mid,660179000000.0,24.121157695264042,0.7777456449440254,2.434341205032002
59010,145171000000.0,110007000000.0,0.57823845408055,76494000000.0,Mid,1561717000000.0,19.416202577979973,1.4381127931602478,1.8978089784819725
38800,65550000000.0,112872000000.0,0.2818221216026797,39495680000.0,Mid,768372000000.0,18.45458338734768,2.857831540057039,1.659675184729064
81940,76331000000.0,36158000000.0,0.4263084851538536,41143310000.0,Mid,799468000000.0,18.4313000096492,0.8788306045381375,1.8552469405111063
69600,50072000000.0,67348000000.0,0.8207626027353934,30591500000.0,Mid,568068000000.0,17.569471912132457,2.201526567837471,1.6367945344294983
69950,65484000000.0,74609000000.0,0.6612824939034176,41916000000.0,Mid,729449000000.0,16.402638610554444,1.7799646912873366,1.5622673919267105
96270,54436000000.0,52849000000.0,0.28273564866908035,37469380000.0,Mid,597209000000.0,14.93858772149419,1.4104583529271102,1.452812936856708
72410,47975000000.0,13281000000.0,0.3923539324589934,33556410000.0,Mid,493031000000.0,13.692602694984355,0.3957813127208781,1.4296821382263478
72830,48350000000.0,84131000000.0,0.46626708573934655,40390800000.0,Mid,567631000000.0,13.05347257296216,2.082924824464977,1.1970547748497182
99560,46141000000.0,27346000000.0,0.4063113755583363,34982300000.0,Mid,488756000000.0,12.971522741500701,0.7817096074300431,1.3189813134070658
