Date,PortfolioValue,DailyReturn,CumulativeValue,RunningMax,Drawdown
2021-10-04,9202200.0,,9202200.0,9202200.0,0.0
2021-10-05,8711900.0,-0.05328073721501381,8711900.0,9202200.0,-0.05328073721501381
2021-10-06,9206500.0,0.05677291979935495,9206500.0,9206500.0,0.0
2021-10-07,8963400.0,-0.026405257155270756,8963400.0,9206500.0,-0.026405257155270756
2021-10-08,8819600.0,-0.016043019389963664,8819600.0,9206500.0,-0.04202465649269538
2021-10-11,8869600.0,0.0056691913465463095,8869600.0,9206500.0,-0.03659371096507902
2021-10-12,8605400.0,-0.029787138089654497,8605400.0,9206500.0,-0.06529082713300383
2021-10-13,8566400.0,-0.004532038022636908,8566400.0,9206500.0,-0.06952696464454466
2021-10-14,8881100.0,0.036736552110571585,8881100.0,9206500.0,-0.035344593493727205
2021-10-15,8744100.0,-0.015426017047437846,8744100.0,9206500.0,-0.05022538423939604
2021-10-18,8778900.0,0.003979826397227937,8778900.0,9206500.0,-0.04644544615217505
2021-10-19,8686200.0,-0.010559409493216654,8686200.0,9206500.0,-0.056514419160375806
2021-10-20,9065500.0,0.043666965992033235,9065500.0,9206500.0,-0.015315266387878168
2021-10-21,9055400.0,-0.0011141139484860396,9055400.0,9206500.0,-0.016412317384456587
2021-10-22,9053500.0,-0.00020981955518251105,9053500.0,9206500.0,-0.01661869331450605
2021-10-25,9008400.0,-0.004981498867841161,9008400.0,9206500.0,-0.021517406180415977
2021-10-26,8914500.0,-0.010423604635673378,8914500.0,9206500.0,-0.0317167218812795
2021-10-27,8977300.0,0.007044702451062923,8977300.0,9206500.0,-0.02489545429859341
2021-10-28,8328500.0,-0.07227117284706985,8328500.0,9206500.0,-0.09536740346494321
2021-10-29,8345300.0,0.002017169958576037,8345300.0,9206500.0,-0.09354260576766416
2021-11-01,8609800.0,0.03169448671707431,8609800.0,9206500.0,-0.06481290392657357
2021-11-02,8921600.0,0.03621454621477849,8921600.0,9206500.0,-0.03094552761635805
2021-11-04,8601700.0,-0.03585679698708755,8601700.0,9206500.0,-0.0656927171020475
2021-11-05,8674000.0,0.008405315228385168,8674000.0,9206500.0,-0.057839569869114205
2021-11-08,8867800.0,0.022342633156559932,8867800.0,9206500.0,-0.03678922500407322
2021-11-09,8524300.0,-0.03873565033040893,8524300.0,9206500.0,-0.07409982077879762
2021-11-10,8311700.0,-0.024940464319650912,8311700.0,9206500.0,-0.09719220116222238
2021-11-11,8629900.0,0.038283383663991755,8629900.0,9206500.0,-0.06262966382447188
2021-11-12,8746600.0,0.013522752291451834,8746600.0,9206500.0,-0.04995383696301525
2021-11-15,8774900.0,0.003235542953833548,8774900.0,9206500.0,-0.04687992179438438
2021-11-16,8633300.0,-0.016136936033459115,8633300.0,9206500.0,-0.06226035952859388
2021-11-17,8727900.0,0.01095757126475383,8727900.0,9206500.0,-0.05198501059034377
2021-11-18,8695100.0,-0.003758063222539243,8695100.0,9206500.0,-0.05554771085646015
2021-11-19,8717000.0,0.0025186599349058536,8717000.0,9206500.0,-0.053168956715364146
2021-11-22,8783600.0,0.0076402432029367695,8783600.0,9206500.0,-0.045934937272579135
2021-11-24,8916500.0,0.015130470422150433,8916500.0,9206500.0,-0.03149948406017489
2021-11-25,9122100.0,0.023058374922895863,9122100.0,9206500.0,-0.009167436050616429
2021-11-26,9041200.0,-0.008868571929709135,9041200.0,9206500.0,-0.017954705914299707
2021-11-29,8794800.0,-0.027253019510684373,8794800.0,9206500.0,-0.0447184054743931
2021-11-30,8701200.0,-0.010642652476463343,8701200.0,9206500.0,-0.054885135502090954
2021-12-01,8791800.0,0.010412356916287502,8791800.0,9206500.0,-0.04504426220605007
2021-12-02,8640300.0,-0.017231966150276445,8640300.0,9206500.0,-0.06150002715472769
2021-12-03,8711600.0,0.00825202828605498,8711600.0,9206500.0,-0.05375549883234676
2021-12-06,8637700.0,-0.00848294228385138,8637700.0,9206500.0,-0.061782436322163736
2021-12-07,9105300.0,0.05413478124963822,9105300.0,9206500.0,-0.010992233747895486
2021-12-08,8473700.0,-0.06936619331598082,8473700.0,9206500.0,-0.07959593765274531
2021-12-09,8515200.0,0.004897506402161911,8515200.0,9206500.0,-0.07508825286482379
2021-12-10,8905700.0,0.045859169485156004,8905700.0,9206500.0,-0.03267256829414
2021-12-13,8897000.0,-0.0009769024332730858,8897000.0,9206500.0,-0.03361755281594525
2021-12-14,8433300.0,-0.05211869169382943,8433300.0,9206500.0,-0.08398414163905932
2021-12-15,8889100.0,0.05404764445709276,8889100.0,9206500.0,-0.034475642209308655
2021-12-16,8602300.0,-0.03226423372444909,8602300.0,9206500.0,-0.06562754575571605
2021-12-17,8989300.0,0.044987968334050166,8989300.0,9206500.0,-0.02359202737196542
2021-12-20,8326900.0,-0.07368760637646976,8326900.0,9206500.0,-0.09554119372182701
2021-12-21,8761200.0,0.05215626463629919,8761200.0,9206500.0,-0.04836800086895132
2021-12-22,8362200.0,-0.04554170661553214,8362200.0,9206500.0,-0.09170694617932984
2021-12-23,8759500.0,0.04751142043959722,8759500.0,9206500.0,-0.04855265301689027
2021-12-24,8800900.0,0.004726297163080151,8800900.0,9206500.0,-0.0440558301200239
2021-12-27,8696500.0,-0.011862423161267621,8696500.0,9206500.0,-0.05539564438168687
2021-12-28,8754500.0,0.0066693497384004985,8754500.0,9206500.0,-0.04909574756965185
2021-12-29,8558000.0,-0.022445599406019756,8558000.0,9206500.0,-0.07043936349318414
2021-12-30,8553800.0,-0.0004907688712315617,8553800.0,9206500.0,-0.07089556291750398
2022-01-04,9147100.0,0.06936098576071448,9147100.0,9206500.0,-0.006451963286808193
2022-01-05,8814600.0,-0.036350318680237415,8814600.0,9206500.0,-0.04256775104545707
2022-01-06,8656200.0,-0.017970185828057983,8656200.0,9206500.0,-0.05977298647694562
2022-01-07,8502200.0,-0.017790716480672764,8502200.0,9206500.0,-0.07650029870200403
2022-01-11,8825500.0,0.03802545223589182,8825500.0,9206500.0,-0.041383804920436695
2022-01-12,8916700.0,0.010333692142088235,8916700.0,9206500.0,-0.03147776027806437
2022-01-13,8744700.0,-0.01928964751533635,8744700.0,9206500.0,-0.050160212893064715
2022-01-14,9042000.0,0.03399773577138143,9042000.0,9206500.0,-0.017867810785857863
2022-01-17,9136800.0,0.010484406104844135,9136800.0,9206500.0,-0.00757073806549724
2022-01-18,8886700.0,-0.02737282199457136,8886700.0,9206500.0,-0.034736327594634187
2022-01-19,8828700.0,-0.006526607177017363,8828700.0,9206500.0,-0.04103622440666921
2022-01-20,8666000.0,-0.018428534212284964,8666000.0,9206500.0,-0.05870852115353287
2022-01-21,8488800.0,-0.02044772674821138,8488800.0,9206500.0,-0.0779557921034052
2022-01-24,8536900.0,0.005666289699368665,8536900.0,9206500.0,-0.0727312225058383
2022-01-25,8270400.0,-0.03121742084363177,8270400.0,9206500.0,-0.10167816216803349
2022-01-26,8436600.0,0.020095763203714423,8436600.0,9206500.0,-0.08362569923423668
2022-01-27,8286700.0,-0.01776782116018305,8286700.0,9206500.0,-0.0999076739260305
2022-01-28,8477100.0,0.022976576924469416,8477100.0,9206500.0,-0.07922663335686742
2022-01-31,8759600.0,0.03332507579242905,8759600.0,9206500.0,-0.04854179112583501
2022-02-01,8259600.0,-0.057080231974062756,8259600.0,9206500.0,-0.10285124640199861
2022-02-02,8730000.0,0.056951910504140724,8730000.0,9206500.0,-0.051756910878183904
2022-02-03,9111800.0,0.043734249713631046,9111800.0,9206500.0,-0.010286210829305364
2022-02-04,8790400.0,-0.03527294277749726,8790400.0,9206500.0,-0.04519632868082335
2022-02-07,8650400.0,-0.015926465234801568,8650400.0,9206500.0,-0.06040297615814916
2022-02-08,8906200.0,0.02957088689540366,8906200.0,9206500.0,-0.03261825883886382
2022-02-09,9360800.0,0.051043093575262155,9360800.0,9360800.0,0.0
2022-02-10,9244400.0,-0.012434834629518887,9244400.0,9360800.0,-0.012434834629518887
2022-02-14,8767700.0,-0.05156635368439266,8767700.0,9360800.0,-0.06335996923339882
2022-02-15,9184900.0,0.047583744881781964,9184900.0,9360800.0,-0.018791128963336456
2022-02-16,9155300.0,-0.0032226807041992878,9155300.0,9360800.0,-0.02195325185881547
2022-02-17,9262500.0,0.011709064694767068,9262500.0,9360800.0,-0.010501239210323865
2022-02-18,9068700.0,-0.020923076923076933,9068700.0,9360800.0,-0.031204597897615538
2022-02-21,8784500.0,-0.03133856010232994,8784500.0,9360800.0,-0.06156525083326214
2022-02-22,8662800.0,-0.013853947293528401,8662800.0,9360800.0,-0.0745662763866336
2022-02-24,8630100.0,-0.003774761047236508,8630100.0,9360800.0,-0.07805956755832832
2022-02-25,8633600.0,0.0004055572936583207,8633600.0,9360800.0,-0.07768566789163323
2022-02-28,9174100.0,0.06260424388435881,9174100.0,9360800.0,-0.019944876506281517
2022-03-01,8594300.0,-0.06319965991214394,8594300.0,9360800.0,-0.08188402700623876
2022-03-02,9019100.0,0.04942810932827579,9019100.0,9360800.0,-0.036503290317066894
2022-03-03,8705900.0,-0.03472630306793356,8705900.0,9360800.0,-0.06996196906247332
2022-03-04,8744300.0,0.004410801869996206,8744300.0,9360800.0,-0.06585975557644641
2022-03-07,8209800.0,-0.06112553320448755,8209800.0,9360800.0,-0.1229595761046064
2022-03-08,8381900.0,0.020962751833174975,8381900.0,9360800.0,-0.10457439535082469
2022-03-09,7930800.0,-0.053818346675574724,7930800.0,9360800.0,-0.15276472096402016
2022-03-10,8247700.0,0.03995813789277247,8247700.0,9360800.0,-0.11891077685667895
2022-03-11,8272000.0,0.002946275931471787,8272000.0,9360800.0,-0.11631484488505262
2022-03-14,8634200.0,0.043786266924564776,8634200.0,9360800.0,-0.07762157080591403
2022-03-15,8600000.0,-0.0039609923328159935,8600000.0,9360800.0,-0.08127510469190669
2022-03-16,9115100.0,0.05989534883720937,9115100.0,9360800.0,-0.02624775660199985
2022-03-17,9493200.0,0.04148062006999376,9493200.0,9493200.0,0.0
2022-03-18,9121800.0,-0.03912274048792819,9121800.0,9493200.0,-0.03912274048792819
2022-03-22,8883600.0,-0.02611326711833195,8883600.0,9493200.0,-0.06421438503349763
2022-03-23,9620500.0,0.08295060561033818,9620500.0,9620500.0,0.0
2022-03-24,9685200.0,0.006725222181799273,9685200.0,9685200.0,0.0
2022-03-25,9760800.0,0.007805724197744945,9760800.0,9760800.0,0.0
2022-03-28,9995800.0,0.024075895418408377,9995800.0,9995800.0,0.0
2022-03-29,10198100.0,0.02023850017007134,10198100.0,10198100.0,0.0
2022-03-30,9856200.0,-0.03352585285494358,9856200.0,10198100.0,-0.03352585285494358
2022-03-31,9769800.0,-0.008766055883606239,9769800.0,10198100.0,-0.041998019238877804
2022-04-01,9947500.0,0.018188703965280828,9947500.0,10198100.0,-0.02457320481266123
2022-04-04,9510900.0,-0.04389042472983162,9510900.0,10198100.0,-0.06738510114629193
2022-04-05,10025900.0,0.05414839815369743,10025900.0,10198100.0,-0.01688549827909125
2022-04-06,9539100.0,-0.04855424450672763,9539100.0,10198100.0,-0.06461988017375786
2022-04-07,9446600.0,-0.009696931576354206,9446600.0,10198100.0,-0.07369019719359493
2022-04-08,9434000.0,-0.0013338132238054357,9434000.0,10198100.0,-0.07492572145791865
2022-04-11,9422800.0,-0.0011871952512190198,9422800.0,10198100.0,-0.07602396524842858
2022-04-12,9534400.0,0.011843613363331507,9534400.0,10198100.0,-0.06508075033584693
2022-04-13,9481500.0,-0.005548330256754497,9481500.0,10198100.0,-0.07026799109638071
2022-04-14,9733700.0,0.026599166798502383,9733700.0,10198100.0,-0.04553789431364663
2022-04-15,9477000.0,-0.026372294194396795,9477000.0,10198100.0,-0.0707092497622106
2022-04-18,9414800.0,-0.006563258415110296,9414800.0,10198100.0,-0.07680842509879293
2022-04-19,9585100.0,0.018088541445383965,9585100.0,10198100.0,-0.06010923603416318
2022-04-20,9606800.0,0.002263930475425502,9606800.0,10198100.0,-0.057981388690050095
2022-04-21,9588000.0,-0.00195694716242667,9588000.0,10198100.0,-0.05982486933840614
2022-04-22,9279300.0,-0.03219649561952442,9279300.0,10198100.0,-0.09009521381433794
2022-04-25,9445400.0,0.01790005711637721,9445400.0,10198100.0,-0.07380786617114954
2022-04-26,9887100.0,0.04676350392783779,9887100.0,10198100.0,-0.030495876682911538
2022-04-27,9262500.0,-0.06317322571836026,9262500.0,10198100.0,-0.091742579500103
2022-04-28,9593500.0,0.035735492577597894,9593500.0,10198100.0,-0.059285553191280704
2022-05-02,9497900.0,-0.009965080523270942,9497900.0,10198100.0,-0.06865984840313388
2022-05-06,9952800.0,0.047894797797407795,9952800.0,10198100.0,-0.02405350016179486
2022-05-09,9991500.0,0.003888353026284097,9991500.0,10198100.0,-0.02025867563565764
2022-05-10,10027800.0,0.0036330881249062585,10027800.0,10198100.0,-0.016699189064629638
2022-05-11,9940200.0,-0.008735714713097642,9940200.0,10198100.0,-0.025289024426118578
2022-05-12,9854000.0,-0.008671857709100395,9854000.0,10198100.0,-0.033741579313793735
2022-05-13,10735200.0,0.0894256139638725,10735200.0,10735200.0,0.0
2022-05-16,10513000.0,-0.02069826365601013,10513000.0,10735200.0,-0.02069826365601013
2022-05-17,10643700.0,0.012432226766860177,10643700.0,10735200.0,-0.008523362396601786
2022-05-18,10936900.0,0.027546811729004084,10936900.0,10936900.0,0.0
2022-05-19,10308100.0,-0.05749343964011744,10308100.0,10936900.0,-0.05749343964011744
2022-05-20,10174000.0,-0.013009186950068363,10174000.0,10936900.0,-0.06975468368550508
2022-05-23,10864900.0,0.06790839394535086,10864900.0,10936900.0,-0.0065832182794027805
2022-05-24,10683000.0,-0.01674198566024543,10683000.0,10936900.0,-0.023214987793616082
2022-05-25,10616800.0,-0.0061967612093981606,10616800.0,10936900.0,-0.029267891267178103
2022-05-26,10942700.0,0.03069663175344739,10942700.0,10942700.0,0.0
2022-05-27,10720100.0,-0.020342328675738153,10720100.0,10942700.0,-0.020342328675738153
2022-05-30,10799000.0,0.007360005970093564,10799000.0,10942700.0,-0.013132042366143626
2022-05-31,10519600.0,-0.02587276599685151,10519600.0,10942700.0,-0.038665046103795175
2022-06-01,10841500.0,0.03060002281455576,10841500.0,10942700.0,-0.009248174582141555
2022-06-02,10808600.0,-0.0030346354286768795,10808600.0,10942700.0,-0.01225474517258085
2022-06-03,11257700.0,0.041550247025516684,11257700.0,11257700.0,0.0
2022-06-06,11065000.0,-0.017117173134832186,11065000.0,11257700.0,-0.017117173134832186
2022-06-07,11291200.0,0.02044283777677358,11291200.0,11291200.0,0.0
2022-06-08,11196700.0,-0.008369349581975327,11196700.0,11291200.0,-0.008369349581975327
2022-06-09,11010100.0,-0.016665624692989933,11010100.0,11291200.0,-0.02489549383590761
2022-06-10,11236600.0,0.02057202023596516,11236600.0,11291200.0,-0.004835624202919053
2022-06-13,10943600.0,-0.02607550326611252,10943600.0,11291200.0,-0.030785036134334698
2022-06-14,10908000.0,-0.0032530428743741124,10908000.0,11291200.0,-0.03393793396627465
2022-06-15,10939500.0,0.0028877887788778533,10939500.0,11291200.0,-0.031148150772282834
2022-06-16,10636900.0,-0.027661227661227694,10636900.0,11291200.0,-0.05794778234377218
2022-06-17,10912300.0,0.02589100207767303,10912300.0,11291200.0,-0.03355710641915832
2022-06-20,10718700.0,-0.01774144772412778,10718700.0,11291200.0,-0.05070320249397764
2022-06-21,10955300.0,0.022073572354856408,10955300.0,11291200.0,-0.029748830947994853
2022-06-22,10930600.0,-0.0022546164869972074,10930600.0,11291200.0,-0.03193637523026782
2022-06-23,11016600.0,0.007867820613689958,11016600.0,11291200.0,-0.024319824287941105
2022-06-24,10537800.0,-0.043461685093404534,10537800.0,11291200.0,-0.06672452883661617
2022-06-27,10671600.0,0.012697147412173315,10671600.0,11291200.0,-0.054874592603089134
2022-06-28,10860300.0,0.01768244686832343,10860300.0,11291200.0,-0.038162462802890706
2022-06-29,10735300.0,-0.011509810962864742,10735300.0,11291200.0,-0.049233031033016905
2022-06-30,11250700.0,0.04800983670693881,11250700.0,11291200.0,-0.0035868641065608386
2022-07-01,11095900.0,-0.013759143875492152,11095900.0,11291200.0,-0.017296655802749084
2022-07-04,11282400.0,0.016808010165917153,11282400.0,11291200.0,-0.0007793680034008377
2022-07-05,11397100.0,0.010166276678720942,11397100.0,11397100.0,0.0
2022-07-06,10983500.0,-0.036289933404111574,10983500.0,11397100.0,-0.036289933404111574
2022-07-07,11036700.0,0.004843629079983591,11036700.0,11397100.0,-0.031622079300874795
2022-07-08,10625400.0,-0.03726657424773705,10625400.0,11397100.0,-0.06771020698247798
2022-07-11,11249100.0,0.05869896662713869,11249100.0,11397100.0,-0.01298575953532044
2022-07-12,11118600.0,-0.011600928074245953,11118600.0,11397100.0,-0.02443604074720762
2022-07-13,10822000.0,-0.026676020362275787,10822000.0,11397100.0,-0.050460204788937535
2022-07-14,10778400.0,-0.004028830160783592,10778400.0,11397100.0,-0.05428573935474812
2022-07-15,10649400.0,-0.01196838120685817,10649400.0,11397100.0,-0.06560440813891255
2022-07-19,11144900.0,0.04652844291697189,11144900.0,11397100.0,-0.022128436181133804
2022-07-20,11260400.0,0.010363484643200138,11260400.0,11397100.0,-0.011994279246475004
2022-07-21,11435300.0,0.015532307910909093,11435300.0,11435300.0,0.0
2022-07-22,10811100.0,-0.05458536286761173,10811100.0,11435300.0,-0.05458536286761173
2022-07-25,11247900.0,0.04040291922191086,11247900.0,11435300.0,-0.01638785165233969
2022-07-26,11294700.0,0.004160776678313383,11294700.0,11435300.0,-0.012295261164989135
2022-07-27,11057800.0,-0.02097443933880494,11057800.0,11435300.0,-0.033011814294334196
2022-07-28,11059500.0,0.00015373763316395284,11059500.0,11435300.0,-0.03286315181936639
2022-07-29,10929100.0,-0.01179076811790769,10929100.0,11435300.0,-0.044266438134548336
2022-08-01,11122500.0,0.017695876147166834,11122500.0,11435300.0,-0.027353895394086725
2022-08-02,11481700.0,0.032294897729826966,11481700.0,11481700.0,0.0
2022-08-03,10981800.0,-0.04353884877674907,10981800.0,11481700.0,-0.04353884877674907
2022-08-04,11028100.0,0.004216066582891642,11028100.0,11481700.0,-0.03950634487924265
2022-08-05,11482900.0,0.04124010482313367,11482900.0,11482900.0,0.0
2022-08-08,11496600.0,0.0011930784035392161,11496600.0,11496600.0,0.0
2022-08-09,11070300.0,-0.03708052815615048,11070300.0,11496600.0,-0.03708052815615048
2022-08-10,11015700.0,-0.0049321156608221894,11015700.0,11496600.0,-0.04182975836334224
2022-08-12,11470100.0,0.04125021560136899,11470100.0,11496600.0,-0.0023050293130142396
2022-08-15,11601800.0,0.011482027183721044,11601800.0,11601800.0,0.0
2022-08-16,11180600.0,-0.03630471133789581,11180600.0,11601800.0,-0.03630471133789581
2022-08-17,11706800.0,0.047063663846305115,11706800.0,11706800.0,0.0
2022-08-18,11294500.0,-0.035218847165749856,11294500.0,11706800.0,-0.035218847165749856
2022-08-19,11641000.0,0.030678648899907124,11641000.0,11706800.0,-0.005620664912700302
2022-08-22,11649700.0,0.0007473584743578066,11649700.0,11706800.0,-0.004877507089896427
2022-08-23,11530100.0,-0.01026635879035509,11530100.0,11706800.0,-0.01509379164246416
2022-08-24,11656600.0,0.010971283857035052,11656600.0,11706800.0,-0.004288106058017549
2022-08-25,11716000.0,0.005095825540895271,11716000.0,11716000.0,0.0
2022-08-26,11688100.0,-0.002381358825537694,11688100.0,11716000.0,-0.002381358825537694
2022-08-29,11824600.0,0.011678544844756722,11824600.0,11824600.0,0.0
2022-08-30,12361500.0,0.04540534140689756,12361500.0,12361500.0,0.0
2022-08-31,12676300.0,0.025466165109412353,12676300.0,12676300.0,0.0
2022-09-01,12030600.0,-0.05093757642214214,12030600.0,12676300.0,-0.05093757642214214
2022-09-02,11758600.0,-0.022609013681778145,11758600.0,12676300.0,-0.07239494174167538
2022-09-05,11643500.0,-0.009788580273161762,11643500.0,12676300.0,-0.0814748783162279
2022-09-06,11614900.0,-0.0024563060935285375,11614900.0,12676300.0,-0.08373105716967888
2022-09-07,11440500.0,-0.015015195998243636,11440500.0,12676300.0,-0.09748901493337958
2022-09-08,11625900.0,0.01620558542021766,11625900.0,12676300.0,-0.08286329607219778
2022-09-09,11693600.0,0.005823205085197625,11693600.0,12676300.0,-0.07752262095406393
2022-09-12,11699900.0,0.0005387562427310311,11699900.0,12676300.0,-0.0770256305073247
2022-09-13,11738100.0,0.003264985170813528,11738100.0,12676300.0,-0.07401213287789021
2022-09-14,11594100.0,-0.012267743501929607,11594100.0,12676300.0,-0.08537191451764314
2022-09-15,11575800.0,-0.0015783890082023966,11575800.0,12676300.0,-0.08681555343436176
2022-09-16,11423300.0,-0.013174035487828029,11423300.0,12676300.0,-0.09884587774035014
2022-09-20,11335700.0,-0.00766853711274329,11335700.0,12676300.0,-0.10575641157119975
2022-09-21,11275000.0,-0.0053547641521917155,11275000.0,12676300.0,-0.11054487508184563
2022-09-22,11194100.0,-0.007175166297117563,11194100.0,12676300.0,-0.1169268635169568
2022-09-26,10945700.0,-0.02219026094103138,10945700.0,12676300.0,-0.1365224868455306
2022-09-27,10978200.0,0.0029692025178837955,10978200.0,12676300.0,-0.13395864723933637
2022-09-28,10942000.0,-0.0032974440254321946,10942000.0,12676300.0,-0.1368143701237743
2022-09-29,11031000.0,0.008133796380917602,11031000.0,12676300.0,-0.12979339397142697
2022-09-30,10874700.0,-0.01416915964101173,10874700.0,12676300.0,-0.14212349029290883
2022-10-03,9199100.0,-0.15408241146882218,9199100.0,12676300.0,-0.2743071716510338
2022-10-04,9447400.0,0.0269917709341132,9447400.0,12676300.0,-0.2547194370597099
2022-10-05,9439500.0,-0.0008362089040371279,9439500.0,12676300.0,-0.25534264730244627
2022-10-06,9468300.0,0.003051009057683185,9468300.0,12676300.0,-0.25307069097449575
2022-10-07,9445300.0,-0.0024291583494396862,9445300.0,12676300.0,-0.25488510054195623
2022-10-11,9264900.0,-0.019099446285454125,9264900.0,12676300.0,-0.26911638254064674
2022-10-12,9208500.0,-0.006087491500178066,9208500.0,12676300.0,-0.27356563034954995
2022-10-13,9098300.0,-0.011967204213498395,9098300.0,12676300.0,-0.28225901879886084
2022-10-14,9240100.0,0.0155853291274195,9240100.0,12676300.0,-0.27107278937860413
2022-10-17,9188500.0,-0.005584355147671527,9188500.0,12676300.0,-0.2751433777995156
2022-10-18,9272200.0,0.009109212602709915,9272200.0,12676300.0,-0.2685405047214092
2022-10-19,9068400.0,-0.02197968119755833,9068400.0,12676300.0,-0.2846177512365595
2022-10-20,9293100.0,0.024778351197565218,9293100.0,12676300.0,-0.2668917586361951
2022-10-21,9227800.0,-0.007026718748318617,9227800.0,12676300.0,-0.27204310406033305
2022-10-24,8962100.0,-0.028793428552851164,8962100.0,12676300.0,-0.29300347893312717
2022-10-25,9300300.0,0.03773669117729095,9300300.0,12676300.0,-0.26632376955420745
2022-10-26,9323200.0,0.0024622861628118553,9323200.0,12676300.0,-0.26451724872399673
2022-10-27,9241100.0,-0.00880598935987642,9241100.0,12676300.0,-0.27099390200610585
2022-10-28,9116300.0,-0.013504885781995601,9116300.0,12676300.0,-0.28083904609389176
2022-10-31,9230200.0,0.01249410396761852,9230200.0,12676300.0,-0.2718537743663372
2022-11-01,9024200.0,-0.02231804294598172,9024200.0,12676300.0,-0.2881045731009837
2022-11-02,9349100.0,0.03600319141862984,9349100.0,12676300.0,-0.2624740657762912
2022-11-04,9309500.0,-0.004235701832261962,9309500.0,12676300.0,-0.26559800572722325
2022-11-07,9332100.0,0.0024276276921424422,9332100.0,12676300.0,-0.26381515110876197
2022-11-08,9407200.0,0.008047491990012867,9407200.0,12676300.0,-0.25789070943414083
2022-11-09,9380600.0,-0.0028276213963772667,9380600.0,12676300.0,-0.25998911354259524
2022-11-10,9426900.0,0.004935718397543809,9426900.0,12676300.0,-0.25633662819592473
2022-11-11,9443800.0,0.0017927420466961053,9443800.0,12676300.0,-0.2550034316007037
2022-11-14,9403300.0,-0.004288527923081764,9403300.0,12676300.0,-0.2581983701868842
2022-11-15,9509500.0,0.011293907458020058,9509500.0,12676300.0,-0.24982053122756642
2022-11-16,9482000.0,-0.0028918449971081506,9482000.0,12676300.0,-0.25198993397126923
2022-11-17,9533300.0,0.005410251001898292,9533300.0,12676300.0,-0.2479430117621072
2022-11-18,9572900.0,0.004153860677834631,9572900.0,12676300.0,-0.24481907181117524
2022-11-21,9584600.0,0.001222200169227694,9584600.0,12676300.0,-0.24389608955294528
2022-11-22,9685800.0,0.010558604427936435,9685800.0,12676300.0,-0.23591268745611893
2022-11-24,9529000.0,-0.01618864729810654,9529000.0,12676300.0,-0.24828222746384987
2022-11-25,9912900.0,0.0402875432889076,9912900.0,12676300.0,-0.2179973651617586
2022-11-28,9877200.0,-0.0036013679145355804,9877200.0,12676300.0,-0.22081364435994733
2022-11-29,9827800.0,-0.005001417405742559,9827800.0,12676300.0,-0.22471068056136256
2022-11-30,9765700.0,-0.006318809906591505,9765700.0,12676300.0,-0.22960958639350604
2022-12-01,9784900.0,0.001966064900621456,9784900.0,12676300.0,-0.2280949488415389
2022-12-02,9657400.0,-0.013030281351878892,9657400.0,12676300.0,-0.23815308883507014
2022-12-05,9609500.0,-0.004959927102532791,9609500.0,12676300.0,-0.241931793977738
2022-12-06,9545700.0,-0.006639263229096248,9545700.0,12676300.0,-0.2469648083431285
2022-12-07,9563500.0,0.0018647139549745617,9563500.0,12676300.0,-0.2455606131126591
2022-12-08,9515700.0,-0.004998170125999901,9515700.0,12676300.0,-0.24933142951807707
2022-12-09,9570300.0,0.005737885809766974,9570300.0,12676300.0,-0.24502417897967077
2022-12-12,9558300.0,-0.0012538791887402034,9558300.0,12676300.0,-0.24597082744965015
2022-12-13,9572100.0,0.0014437713819404063,9572100.0,12676300.0,-0.24488218170917386
2022-12-14,9614900.0,0.004471328130713159,9614900.0,12676300.0,-0.24150580216624729
2022-12-15,9684800.0,0.007269966406306949,9684800.0,12676300.0,-0.2359915748286172
2022-12-16,9654400.0,-0.003138939368907967,9654400.0,12676300.0,-0.23838975095256498
2022-12-19,9672600.0,0.001885150812064973,9672600.0,12676300.0,-0.23695400077309625
2022-12-20,9307200.0,-0.037776812852800656,9307200.0,12676300.0,-0.26577944668396924
2022-12-21,9432600.0,0.013473439917483176,9432600.0,12676300.0,-0.25588697017268447
2022-12-22,9538300.0,0.011205818120136657,9538300.0,12676300.0,-0.2475485748996158
2022-12-23,9497900.0,-0.004235555602151275,9497900.0,12676300.0,-0.2507356247485465
2022-12-26,9494500.0,-0.00035797386790759056,9494500.0,12676300.0,-0.25100384181504065
2022-12-27,9573900.0,0.008362736321027908,9573900.0,12676300.0,-0.24474018443867696
2022-12-28,9538400.0,-0.003707997785646344,9538400.0,12676300.0,-0.24754068616236602
2022-12-29,9593200.0,0.0057451983561185305,9593200.0,12676300.0,-0.24321765814946006
2022-12-30,9594100.0,9.381645332107169e-05,9594100.0,12676300.0,-0.24314665951421155
2023-01-04,9530700.0,-0.00660822797344196,9530700.0,12676300.0,-0.24814811893060273
2023-01-05,9462400.0,-0.007166315170973769,9462400.0,12676300.0,-0.25353612647223556
2023-01-06,9511200.0,0.005157253973621989,9511200.0,12676300.0,-0.2496864226943193
2023-01-10,9470700.0,-0.004258137774413306,9470700.0,12676300.0,-0.2528813612804999
2023-01-11,9496900.0,0.0027664269800542485,9496900.0,12676300.0,-0.2508145121210448
2023-01-12,9510200.0,0.0014004569912287046,9510200.0,12676300.0,-0.24976531006681757
2023-01-13,9590000.0,0.008390990725747116,9590000.0,12676300.0,-0.24347009774145456
2023-01-16,9423600.0,-0.017351407716371225,9423600.0,12676300.0,-0.256596956525169
2023-01-17,9515800.0,0.009783946687041079,9515800.0,12676300.0,-0.2493235407808272
2023-01-18,9583200.0,0.0070829567666408355,9583200.0,12676300.0,-0.24400653187444288
2023-01-19,9252100.0,-0.03455004591368227,9252100.0,12676300.0,-0.27012614090862475
2023-01-20,9556900.0,0.03294387220198658,9556900.0,12676300.0,-0.24608126977114775
2023-01-23,9679800.0,0.012859818560411851,9679800.0,12676300.0,-0.23638601169110862
2023-01-24,9778000.0,0.010144837703258247,9778000.0,12676300.0,-0.22863927171177711
2023-01-25,9803900.0,0.002648803436285485,9803900.0,12676300.0,-0.22659608876407156
2023-01-26,9806800.0,0.00029580065076140194,9806800.0,12676300.0,-0.22636731538382648
2023-01-27,9921800.0,0.011726557082840428,9921800.0,12676300.0,-0.21729526754652384
2023-01-30,10000600.0,0.007942107278921196,10000600.0,12676300.0,-0.211078942593659
2023-01-31,10068800.0,0.0068195908245505255,10068800.0,12676300.0,-0.20569882378927606
2023-02-01,10088100.0,0.0019168123311616991,10088100.0,12676300.0,-0.20417629750005917
2023-02-02,9993300.0,-0.009397210574835668,9993300.0,12676300.0,-0.21165482041289652
2023-02-03,9962400.0,-0.0030920716880309396,9962400.0,12676300.0,-0.21409244022309348
2023-02-06,9989300.0,0.0027001525736769505,9989300.0,12676300.0,-0.21197036990288964
2023-02-07,9997100.0,0.000780835493978449,9997100.0,12676300.0,-0.21135504839740304
2023-02-08,10016800.0,0.0019705714657249906,10016800.0,12676300.0,-0.20980096715918684
2023-02-09,9989000.0,-0.0027753374331124236,9989000.0,12676300.0,-0.21199403611463918
2023-02-10,10037100.0,0.004815296826509163,10037100.0,12676300.0,-0.20819955349747166
2023-02-13,10016600.0,-0.002042422612109074,10016600.0,12676300.0,-0.2098167446336865
2023-02-14,10117500.0,0.010073278357925819,10117500.0,12676300.0,-0.20185700874860957
2023-02-15,9885600.0,-0.022920681986656755,9885600.0,12676300.0,-0.22015099043096176
2023-02-16,10212300.0,0.033048069919883405,10212300.0,12676300.0,-0.19437848583577222
2023-02-17,10191100.0,-0.0020759280475505237,10191100.0,12676300.0,-0.1960508981327359
2023-02-20,10349300.0,0.015523348804348913,10349300.0,12676300.0,-0.18357091580350737
2023-02-21,10508800.0,0.015411670354516627,10508800.0,12676300.0,-0.17098837989003102
2023-02-22,10547900.0,0.0037206912302070183,10547900.0,12676300.0,-0.16790388362534814
2023-02-24,10767600.0,0.020828790564946686,10767600.0,12676300.0,-0.1505723278874751
2023-02-27,10952200.0,0.017144024666592372,10952200.0,12676300.0,-0.1360097189242918
2023-02-28,10943100.0,-0.0008308832928544119,10943100.0,12676300.0,-0.13672759401402612
2023-03-01,11121500.0,0.016302510257605318,11121500.0,12676300.0,-0.12265408676033229
2023-03-02,11128800.0,0.0006563862788293573,11128800.0,12676300.0,-0.12207820894109478
2023-03-03,11206600.0,0.006990870534109739,11206600.0,12676300.0,-0.11594077136072833
2023-03-06,11247600.0,0.0036585583495440943,11247600.0,12676300.0,-0.11270638908829866
2023-03-07,11308300.0,0.00539670685301763,11308300.0,12676300.0,-0.10791792557765278
2023-03-08,11313700.0,0.00047752535748069036,11313700.0,12676300.0,-0.10749193376616206
2023-03-09,11467500.0,0.013594138080380347,11467500.0,12676300.0,-0.09535905587592597
2023-03-10,11241900.0,-0.019672988881621944,11241900.0,12676300.0,-0.11315604711153882
2023-03-13,10894700.0,-0.030884459032725742,10894700.0,12676300.0,-0.14054574284294308
2023-03-14,10419900.0,-0.043580823703268545,10419900.0,12676300.0,-0.17800146730512845
2023-03-15,10677800.0,0.024750717377326037,10677800.0,12676300.0,-0.15765641393782093
2023-03-16,10305500.0,-0.03486673284759034,10305500.0,12676300.0,-0.18702618271893223
2023-03-17,10319000.0,0.0013099801077094408,10319000.0,12676300.0,-0.18596120319020537
2023-03-20,10082800.0,-0.022889814904545003,10082800.0,12676300.0,-0.20459440057430012
2023-03-22,10220400.0,0.013647002816677967,10220400.0,12676300.0,-0.1937394981185362
2023-03-23,10332600.0,0.010978043912175606,10332600.0,12676300.0,-0.18488833492422863
2023-03-24,10338500.0,0.0005710082651027015,10338500.0,12676300.0,-0.18442289942648882
2023-03-27,10449500.0,0.01073656720027083,10449500.0,12676300.0,-0.1756664010791793
2023-03-28,10383800.0,-0.0062873821713957945,10383800.0,12676300.0,-0.18084930145231648
2023-03-29,10545900.0,0.015610855370866261,10545900.0,12676300.0,-0.1680616583703447
2023-03-30,10579100.0,0.0031481428801714006,10579100.0,12676300.0,-0.16544259760340163
2023-03-31,10739100.0,0.015124159900180567,10739100.0,12676300.0,-0.1528206180036762
2023-04-03,10915200.0,0.01639802218062969,10915200.0,12676300.0,-0.13892855170672835
2023-04-04,11099200.0,0.016857226619759524,11099200.0,12676300.0,-0.12441327516704404
2023-04-05,10840700.0,-0.023289966844457277,10840700.0,12676300.0,-0.14480566095785052
2023-04-06,10603700.0,-0.021862056878245828,10603700.0,12676300.0,-0.16350196823994378
2023-04-07,10666200.0,0.005894169016475326,10666200.0,12676300.0,-0.1585715074588011
2023-04-10,10825500.0,0.014935028407492723,10825500.0,12676300.0,-0.1460047490198244
2023-04-11,10887900.0,0.005764167936815889,10887900.0,12676300.0,-0.1410821769759315
2023-04-12,10970300.0,0.007568034239844312,10970300.0,12676300.0,-0.13458185748207285
2023-04-13,10926700.0,-0.003974367154954694,10926700.0,12676300.0,-0.13802134692299806
2023-04-14,10919100.0,-0.0006955439428190102,10919100.0,12676300.0,-0.138620890953985
2023-04-17,10920500.0,0.00012821569543275402,10920500.0,12676300.0,-0.1385104486324874
2023-04-18,10961300.0,0.0037360926697496133,10961300.0,12676300.0,-0.1352918438345574
2023-04-19,10894400.0,-0.006103290668077688,10894400.0,12676300.0,-0.14056940905469262
2023-04-20,10962500.0,0.0062509179027756545,10962500.0,12676300.0,-0.13519717898755945
2023-04-21,10984200.0,0.00197947548460653,10984200.0,12676300.0,-0.13348532300434668
2023-04-24,10749500.0,-0.021367054496458593,10749500.0,12676300.0,-0.15200018932969395
2023-04-25,11050200.0,0.027973394111354022,11050200.0,12676300.0,-0.12827875641945996
2023-04-26,10931200.0,-0.010769035854554687,10931200.0,12676300.0,-0.13766635374675573
2023-04-27,11073500.0,0.013017783957845364,11073500.0,12676300.0,-0.12644068064024994
2023-04-28,11308900.0,0.021257958188467985,11308900.0,12676300.0,-0.10787059315415382
2023-05-01,11371500.0,0.005535463219234371,11371500.0,12676300.0,-0.10293224363576126
2023-05-02,11356500.0,-0.001319087191663404,11356500.0,12676300.0,-0.10411555422323548
2023-05-08,11435400.0,0.006947563069607643,11435400.0,12676300.0,-0.09789134053312087
2023-05-09,11525300.0,0.007861552722248533,11525300.0,12676300.0,-0.09079936574552516
2023-05-10,11488700.0,-0.003175622326533789,11488700.0,12676300.0,-0.09368664357896228
2023-05-11,11437700.0,-0.004439144550732466,11437700.0,12676300.0,-0.09770989957637477
2023-05-12,11780700.0,0.0299885466483647,11780700.0,12676300.0,-0.07065153080946329
2023-05-15,11621700.0,-0.013496651302554175,11621700.0,12676300.0,-0.08319462303669056
2023-05-16,11506700.0,-0.009895282101585856,11506700.0,12676300.0,-0.0922666708739932
2023-05-17,11449600.0,-0.0049623262968531145,11449600.0,12676300.0,-0.09677113984364527
2023-05-18,11451400.0,0.00015721073225272164,11451400.0,12676300.0,-0.09662914257314836
2023-05-19,11596600.0,0.012679672354471982,11596600.0,12676300.0,-0.0851746960863975
2023-05-22,11621800.0,0.0021730507217632145,11621800.0,12676300.0,-0.08318673429944068
2023-05-23,11574800.0,-0.0040441239739110735,11574800.0,12676300.0,-0.08689444080686004
2023-05-24,11569800.0,-0.0004319729066593059,11569800.0,12676300.0,-0.08728887766935145
2023-05-25,11512900.0,-0.0049179761102179365,11512900.0,12676300.0,-0.09177756916450386
2023-05-26,11380000.0,-0.011543572861746343,11380000.0,12676300.0,-0.1022617009695258
2023-05-29,11474000.0,0.008260105448154587,11474000.0,12676300.0,-0.09484628795468708
2023-05-30,11497100.0,0.0020132473418161823,11497100.0,12676300.0,-0.09302398964997671
2023-05-31,11218600.0,-0.02422349983908989,11218600.0,12676300.0,-0.11499412289074884
2023-06-01,11214100.0,-0.0004011195692866787,11214100.0,12676300.0,-0.11534911606699116
2023-06-02,11467100.0,0.022560883173861512,11467100.0,12676300.0,-0.09539061082492528
2023-06-05,11627100.0,0.013952961079959136,11627100.0,12676300.0,-0.08276863122519973
2023-06-06,11697600.0,0.006063420801403652,11697600.0,12676300.0,-0.0772070714640708
2023-06-07,11669100.0,-0.002436397209684027,11669100.0,12676300.0,-0.07945536158027189
2023-06-08,11606400.0,-0.005373165025580384,11606400.0,12676300.0,-0.08440159983591422
2023-06-09,11831500.0,0.019394472015439757,11831500.0,12676300.0,-0.06664405228655046
2023-06-12,12101100.0,0.022786628914338802,12101100.0,12676300.0,-0.0453760166610131
2023-06-13,12084800.0,-0.001346984984836097,12084800.0,12676300.0,-0.04666188083273515
2023-06-14,12233500.0,0.012304713358930242,12233500.0,12676300.0,-0.034931328542240236
2023-06-15,12281800.0,0.003948175092982398,12281800.0,12676300.0,-0.031121068450573164
2023-06-16,12269500.0,-0.0010014818674787263,12269500.0,12676300.0,-0.032091383132301976
2023-06-19,12423400.0,0.01254329842291857,12423400.0,12676300.0,-0.01995061650481611
2023-06-20,12410400.0,-0.0010464124152808063,12410400.0,12676300.0,-0.020976152347293775
2023-06-21,12472900.0,0.005036098755882179,12472900.0,12676300.0,-0.016045691566150988
2023-06-22,12441000.0,-0.002557544757033292,12441000.0,12676300.0,-0.018562198748846237
2023-06-23,12355500.0,-0.006872437906920714,12355500.0,12676300.0,-0.02530706909744962
2023-06-26,12308500.0,-0.003803973938731775,12308500.0,12676300.0,-0.02901477560486898
2023-06-27,12256600.0,-0.004216598285737505,12256600.0,12676300.0,-0.03310903023752987
2023-06-28,12426400.0,0.01385376042295583,12426400.0,12676300.0,-0.019713954387321264
2023-06-29,12505700.0,0.006381574711903593,12505700.0,12676300.0,-0.01345818574820723
2023-06-30,12596600.0,0.007268685479421277,12596600.0,12676300.0,-0.006287323588113236
2023-07-03,12746400.0,0.011892097867678642,12746400.0,12746400.0,0.0
2023-07-04,12887900.0,0.011101173664721076,12887900.0,12887900.0,0.0
2023-07-05,12989700.0,0.007898881896973187,12989700.0,12989700.0,0.0
2023-07-06,12930900.0,-0.0045266634333356315,12930900.0,12989700.0,-0.0045266634333356315
2023-07-07,12865500.0,-0.005057652599587015,12865500.0,12989700.0,-0.009561421741841603
2023-07-10,12828600.0,-0.002868135711787345,12828600.0,12989700.0,-0.012402133998475673
2023-07-11,12691000.0,-0.010726034017741637,12691000.0,12989700.0,-0.02299514230505706
2023-07-12,12534300.0,-0.012347332755496043,12534300.0,12989700.0,-0.03505854638675254
2023-07-13,12636100.0,0.008121714016738002,12636100.0,12989700.0,-0.027221567857610207
2023-07-14,12488000.0,-0.01172038841098122,12488000.0,12989700.0,-0.038622908920144416
2023-07-18,12659700.0,0.013749199231261944,12659700.0,12989700.0,-0.025404743758516313
2023-07-19,12840600.0,0.01428943813834449,12840600.0,12989700.0,-0.011478325134529621
2023-07-20,12901500.0,0.0047427690294845615,12901500.0,12989700.0,-0.006789995150003447
2023-07-21,12904800.0,0.00025578421113814365,12904800.0,12989700.0,-0.006535947712418277
2023-07-24,13147300.0,0.018791457442192128,13147300.0,13147300.0,0.0
2023-07-25,13236400.0,0.006777056886204669,13236400.0,13236400.0,0.0
2023-07-26,13239700.0,0.0002493125018887543,13239700.0,13239700.0,0.0
2023-07-27,13295000.0,0.004176831801324887,13295000.0,13295000.0,0.0
2023-07-28,13172800.0,-0.009191425347875093,13172800.0,13295000.0,-0.009191425347875093
2023-07-31,13414400.0,0.018340823515122118,13414400.0,13414400.0,0.0
2023-08-01,13523700.0,0.008147960400763266,13523700.0,13523700.0,0.0
2023-08-02,13409700.0,-0.008429645733046387,13409700.0,13523700.0,-0.008429645733046387
2023-08-03,13244600.0,-0.012311983116699121,13244600.0,13523700.0,-0.020637843193800465
2023-08-04,12797400.0,-0.03376470410582422,12797400.0,13523700.0,-0.0537057166308037
2023-08-07,13085500.0,0.022512385328269824,13085500.0,13523700.0,-0.032402375089657376
2023-08-08,13009000.0,-0.005846165603148545,13009000.0,13523700.0,-0.03805911104209647
2023-08-09,12877700.0,-0.010093012529787115,12877700.0,13523700.0,-0.047767992487263156
2023-08-10,12923700.0,0.0035720664404357283,12923700.0,13523700.0,-0.0443665564897181
2023-08-14,12755100.0,-0.01304579957752039,12755100.0,13523700.0,-0.05683355886332886
2023-08-15,12851000.0,0.007518561202969787,12851000.0,13523700.0,-0.049742304251055525
2023-08-16,12697500.0,-0.011944595751303355,12697500.0,13523700.0,-0.0610927482863417
2023-08-17,12659100.0,-0.003024217365623194,12659100.0,13523700.0,-0.06393220790168375
2023-08-18,12531600.0,-0.01007180605256297,12531600.0,13523700.0,-0.07336010115574876
2023-08-21,12602500.0,0.005657697341121537,12602500.0,13523700.0,-0.0681174530638804
2023-08-22,12700500.0,0.007776234874032895,12700500.0,13523700.0,-0.06087091550389312
2023-08-23,12853400.0,0.01203889610645259,12853400.0,13523700.0,-0.0495648380250967
2023-08-24,12608300.0,-0.019068884497487004,12608300.0,13523700.0,-0.06768857635114656
2023-08-25,12783300.0,0.01387974588168106,12783300.0,13523700.0,-0.05474833070831209
2023-08-28,12974500.0,0.014957014229502574,12974500.0,13523700.0,-0.04061018804025529
2023-08-29,13133400.0,0.012247100080927886,13133400.0,13523700.0,-0.028860444996561596
2023-08-30,13143900.0,0.0007994883274704545,13143900.0,13523700.0,-0.028084030257991555
2023-08-31,13215100.0,0.005416961480230409,13215100.0,13523700.0,-0.02281919888787831
2023-09-01,13391100.0,0.013318098236108744,13391100.0,13523700.0,-0.009805008984227648
2023-09-04,13638800.0,0.018497360186989775,13638800.0,13638800.0,0.0
2023-09-05,13754600.0,0.008490483033698037,13754600.0,13754600.0,0.0
2023-09-06,13762500.0,0.0005743533072573026,13762500.0,13762500.0,0.0
2023-09-07,13685300.0,-0.005609445958219772,13685300.0,13762500.0,-0.005609445958219772
2023-09-08,13586400.0,-0.007226732333233454,13586400.0,13762500.0,-0.012795640326975444
2023-09-11,13816600.0,0.016943414002237533,13816600.0,13816600.0,0.0
2023-09-12,13965800.0,0.01079860457710291,13965800.0,13965800.0,0.0
2023-09-13,13932300.0,-0.0023987168654856506,13932300.0,13965800.0,-0.0023987168654856506
2023-09-14,14077900.0,0.010450535805287098,14077900.0,14077900.0,0.0
2023-09-15,14267500.0,0.013467917800240148,14267500.0,14267500.0,0.0
2023-09-19,14546500.0,0.019554932538987213,14546500.0,14546500.0,0.0
2023-09-20,14406000.0,-0.009658680782318796,14406000.0,14546500.0,-0.009658680782318796
2023-09-21,14568700.0,0.011293905317228958,14568700.0,14568700.0,0.0
2023-09-22,14602200.0,0.002299450191163288,14602200.0,14602200.0,0.0
2023-09-25,14666900.0,0.004430839188615421,14666900.0,14666900.0,0.0
2023-09-26,14505200.0,-0.011024824605063155,14505200.0,14666900.0,-0.011024824605063155
2023-09-27,14418400.0,-0.005984060888509002,14418400.0,14666900.0,-0.016942912271850186
2023-09-28,14410800.0,-0.0005271042556732608,14410800.0,14666900.0,-0.017461085846361524
2023-09-29,14033400.0,-0.026188691814472476,14033400.0,14666900.0,-0.04319249466485764
2023-10-02,8492900.0,-0.3948081006741061,8492900.0,14666900.0,-0.4209478485569548
2023-10-03,8716600.0,0.026339648412203154,8716600.0,14666900.0,-0.4056958184756152
2023-10-04,8041600.0,-0.07743845077209,8041600.0,14666900.0,-0.45171781358023855
2023-10-05,8188100.0,0.018217767608436075,8188100.0,14666900.0,-0.44172933612419807
2023-10-06,8218700.0,0.0037371307140849908,8218700.0,14666900.0,-0.43964300567945513
2023-10-10,8362300.0,0.01747234964167088,8362300.0,14666900.0,-0.4298522523505308
2023-10-11,8339600.0,-0.0027145641749279914,8339600.0,14666900.0,-0.43139995500071593
2023-10-12,8363200.0,0.002829871936303796,8363200.0,14666900.0,-0.42979088969039125
2023-10-13,7932900.0,-0.05145159747465089,7932900.0,14666900.0,-0.45912905931042003
2023-10-16,8188900.0,0.032270670246694166,8188900.0,14666900.0,-0.4416747915374074
2023-10-17,8217600.0,0.0035047442269413587,8217600.0,14666900.0,-0.4397180044862923
2023-10-18,7968700.0,-0.030288648753894032,7968700.0,14666900.0,-0.45668818905153785
2023-10-19,8536500.0,0.07125378041587704,8536500.0,14666900.0,-0.41797516857686356
2023-10-20,8176300.0,-0.04219527909564813,8176300.0,14666900.0,-0.4425338687793603
2023-10-23,8048400.0,-0.01564277240316525,8048400.0,14666900.0,-0.45125418459251787
2023-10-24,8125400.0,0.009567118930470686,8125400.0,14666900.0,-0.44600426811391636
2023-10-25,8531300.0,0.04995446378024471,8531300.0,14666900.0,-0.4183297083910029
2023-10-26,8150200.0,-0.044670800464173155,8150200.0,14666900.0,-0.44431338592340575
2023-10-27,7975600.0,-0.021422787170866986,7975600.0,14666900.0,-0.4562177419904684
2023-10-30,8093800.0,0.014820201614925477,8093800.0,14666900.0,-0.44815877929214765
2023-10-31,8039100.0,-0.006758259408436107,8039100.0,14666900.0,-0.4518882654139593
2023-11-01,8327800.0,0.03591198019678821,8327800.0,14666900.0,-0.43220448765587816
2023-11-02,8123000.0,-0.024592329306659666,8123000.0,14666900.0,-0.44616790187428834
2023-11-06,8368600.0,0.0302351348024128,8368600.0,14666900.0,-0.4294227137295543
2023-11-07,8371900.0,0.00039433119040221953,8371900.0,14666900.0,-0.42919771730904277
2023-11-08,7753700.0,-0.0738422580298379,7753700.0,14666900.0,-0.47134704675152894
2023-11-09,8105200.0,0.045333195764602596,8105200.0,14666900.0,-0.4473815189303807
2023-11-10,8148600.0,0.005354587178601378,8148600.0,14666900.0,-0.44442247509698707
2023-11-13,8113500.0,-0.004307488402915838,8113500.0,14666900.0,-0.4468156188424275
2023-11-14,8392500.0,0.034387132556849664,8392500.0,14666900.0,-0.42779319419918316
2023-11-15,7751400.0,-0.07638963360142981,7751400.0,14666900.0,-0.47150386243855213
2023-11-16,8048900.0,0.03838016358335272,8048900.0,14666900.0,-0.4512200942257737
2023-11-17,7891700.0,-0.019530619090807444,7891700.0,14666900.0,-0.46193810553013925
2023-11-20,8519300.0,0.07952659122875927,8519300.0,14666900.0,-0.41914787719286284
2023-11-21,8143500.0,-0.04411160541359027,8143500.0,14666900.0,-0.44477019683777763
2023-11-22,8173000.0,0.003622521029041481,8173000.0,14666900.0,-0.44275886519987184
2023-11-24,8574100.0,0.049076226599779726,8574100.0,14666900.0,-0.41541157299770226
2023-11-27,8219700.0,-0.04133378430389201,8219700.0,14666900.0,-0.4395748249459668
2023-11-28,8248400.0,0.00349161161599576,8248400.0,14666900.0,-0.43761803789485165
2023-11-29,7990900.0,-0.031218175646185897,7990900.0,14666900.0,-0.4551745767680969
2023-11-30,8229000.0,0.02979639339748963,8229000.0,14666900.0,-0.43894074412452533
2023-12-01,8218500.0,-0.0012759752096245247,8218500.0,14666900.0,-0.4396566418261527
2023-12-04,8245000.0,0.0032244326823629432,8245000.0,14666900.0,-0.437849852388712
2023-12-05,8176000.0,-0.008368708308065465,8176000.0,14666900.0,-0.4425543229994068
2023-12-06,8307500.0,0.016083659491193725,8307500.0,14666900.0,-0.4335885565456913
2023-12-07,8258700.0,-0.005874210051158624,8258700.0,14666900.0,-0.43691577633992185
2023-12-08,8205900.0,-0.006393258018816517,8205900.0,14666900.0,-0.4405157190681057
2023-12-11,8144400.0,-0.007494607538478415,8144400.0,14666900.0,-0.44470883417763807
2023-12-12,8103700.0,-0.004997298757428381,8103700.0,14666900.0,-0.4474837900306131
2023-12-13,8239200.0,0.016720757184989665,8239200.0,14666900.0,-0.4382453006429443
2023-12-14,8107800.0,-0.015948150305854947,8107800.0,14666900.0,-0.447204249023311
2023-12-15,8161100.0,0.006573916475492769,8161100.0,14666900.0,-0.44357021592838297
2023-12-18,8170700.0,0.001176312016762493,8170700.0,14666900.0,-0.44291568088689504
2023-12-19,8152200.0,-0.002264187890878344,8152200.0,14666900.0,-0.44417702445642915
2023-12-20,8149100.0,-0.00038026544981717425,8149100.0,14666900.0,-0.4443883847302429
2023-12-21,8092500.0,-0.006945552269575828,8092500.0,14666900.0,-0.4482474142456825
2023-12-22,8138500.0,0.005684275563793584,8138500.0,14666900.0,-0.4451111005052192
2023-12-25,8130700.0,-0.0009584075689623717,8130700.0,14666900.0,-0.4456429102264282
2023-12-26,8146900.0,0.0019924483746787125,8146900.0,14666900.0,-0.4445383823439173
2023-12-27,8206800.0,0.007352489904135284,8206800.0,14666900.0,-0.44045435640796626
2023-12-28,8004600.0,-0.024638104986109077,8004600.0,14666900.0,-0.4542405007193068
2023-12-29,8292900.0,0.036016790345551275,8292900.0,14666900.0,-0.434583995254621
2024-01-04,8394000.0,0.012191151466917516,8394000.0,14666900.0,-0.42769092309895074
2024-01-05,8380200.0,-0.0016440314510364207,8380200.0,14666900.0,-0.4286318172210897
2024-01-09,8457000.0,0.009164459082122045,8457000.0,14666900.0,-0.42339553688918585
2024-01-10,8338900.0,-0.013964762918292517,8338900.0,14666900.0,-0.4314476815141577
2024-01-11,8481600.0,0.017112568804038997,8481600.0,14666900.0,-0.42171829084537293
2024-01-12,8404100.0,-0.009137426900584833,8404100.0,14666900.0,-0.4270022976907185
2024-01-15,8456500.0,0.006235051938934477,8456500.0,14666900.0,-0.42342962725593003
2024-01-16,8369400.0,-0.010299769408147585,8369400.0,14666900.0,-0.42936816914276366
2024-01-17,8310500.0,-0.007037541520300117,8310500.0,14666900.0,-0.43338401434522633
2024-01-18,8499200.0,0.02270621502917991,8499200.0,14666900.0,-0.4205183099359783
2024-01-19,8500600.0,0.00016472138554224358,8500600.0,14666900.0,-0.42042285690909464
2024-01-22,8561300.0,0.007140672423123107,8561300.0,14666900.0,-0.41628428638635295
2024-01-23,8513600.0,-0.0055715837548036,8513600.0,14666900.0,-0.41953650737374637
2024-01-24,8682300.0,0.019815354256718765,8682300.0,14666900.0,-0.40803441763426496
2024-01-25,8809300.0,0.01462746046554475,8809300.0,14666900.0,-0.39937546448124694
2024-01-26,8785000.0,-0.0027584484578797586,8785000.0,14666900.0,-0.4010322563050134
2024-01-29,8829500.0,0.0050654524758111386,8829500.0,14666900.0,-0.3979982136647826
2024-01-30,8757400.0,-0.008165807803386382,8757400.0,14666900.0,-0.40291404454929125
2024-01-31,8817500.0,0.006862767488067245,8817500.0,14666900.0,-0.3988163824666425
2024-02-01,8752700.0,-0.007349021831584923,8752700.0,14666900.0,-0.4032344939966864
2024-02-02,8774800.0,0.002524935162864006,8774800.0,14666900.0,-0.4017276997865943
2024-02-05,8872600.0,0.0111455531750011,8872600.0,14666900.0,-0.3950596240514356
2024-02-06,8858100.0,-0.0016342447535108162,8858100.0,14666900.0,-0.3960482446870164
2024-02-07,8810100.0,-0.005418769262031331,8810100.0,14666900.0,-0.39932091989445617
2024-02-08,8739500.0,-0.008013529925880558,8739500.0,14666900.0,-0.4041344796787324
2024-02-09,8735500.0,-0.0004576920876480095,8735500.0,14666900.0,-0.4044072026126857
2024-02-13,8889100.0,0.01758342395970458,8889100.0,14666900.0,-0.39393464194887806
2024-02-14,8820400.0,-0.007728566446546847,8820400.0,14666900.0,-0.39861865833952637
2024-02-15,8629500.0,-0.021643009387329326,8629500.0,14666900.0,-0.4116343603624488
2024-02-16,8765900.0,0.0158062460165711,8765900.0,14666900.0,-0.40233450831464046
2024-02-19,9003200.0,0.027070808473744767,9003200.0,14666900.0,-0.38615522025785953
2024-02-20,8923600.0,-0.008841300870801483,8923600.0,14666900.0,-0.3915824066435307
2024-02-21,8970900.0,0.0053005513469899235,8970900.0,14666900.0,-0.3883574579495326
2024-02-22,8979200.0,0.0009252137466697619,8979200.0,14666900.0,-0.3877915578615795
2024-02-26,8986400.0,0.0008018531717748356,8986400.0,14666900.0,-0.38730065658046353
2024-02-27,9066700.0,0.008935725095700064,9066700.0,14666900.0,-0.38182574368135047
2024-02-28,9062200.0,-0.0004963217046995982,9062200.0,14666900.0,-0.38213255698204807
2024-02-29,9103400.0,0.004546357396658651,9103400.0,14666900.0,-0.37932351076232873
2024-03-01,9167700.0,0.007063295032625261,9167700.0,14666900.0,-0.3749394895990291
2024-03-04,9127300.0,-0.00440677596343686,9127300.0,14666900.0,-0.3776939912319577
2024-03-05,8912900.0,-0.023489969651485088,8912900.0,14666900.0,-0.3923119404918558
2024-03-06,9116500.0,0.022843294550595195,9116500.0,14666900.0,-0.37843034315363167
2024-03-07,9132600.0,0.0017660286294081118,9132600.0,14666900.0,-0.37733263334446954
2024-03-08,9278700.0,0.015997634846593556,9278700.0,14666900.0,-0.36737142818182433
2024-03-11,9074900.0,-0.021964283789755012,9074900.0,14666900.0,-0.38126666166674616
2024-03-12,9043100.0,-0.003504170844857768,9043100.0,14666900.0,-0.38343480899167515
2024-03-13,9098400.0,0.006115159624465072,9098400.0,14666900.0,-0.3796644144297704
2024-03-14,9137200.0,0.00426448606348373,9137200.0,14666900.0,-0.37701900197042315
2024-03-15,9166300.0,0.0031847830845335157,9166300.0,14666900.0,-0.37503494262591275
2024-03-18,9297600.0,0.01432420933200973,9297600.0,14666900.0,-0.36608281231889495
2024-03-19,9335200.0,0.00404405437962474,9335200.0,14666900.0,-0.36351921673973364
2024-03-21,9491700.0,0.016764504242008815,9491700.0,14666900.0,-0.35284893194880995
2024-03-22,9487200.0,-0.0004740984228325251,9487200.0,14666900.0,-0.35315574524950744
2024-03-25,9374600.0,-0.011868622986761057,9374600.0,14666900.0,-0.36083289584029343
2024-03-26,9096800.0,-0.029633264352612376,9096800.0,14666900.0,-0.3797735036033517
2024-03-27,9352700.0,0.028130771260223453,9352700.0,14666900.0,-0.3623260539036879
2024-03-28,9146000.0,-0.022100569888909072,9146000.0,14666900.0,-0.3764190115157259
2024-03-29,9221600.0,0.008265908593920734,9221600.0,14666900.0,-0.3712645480640081
2024-04-01,9089900.0,-0.014281686475232092,9089900.0,14666900.0,-0.3802439506644213
2024-04-02,8948000.0,-0.015610732791339843,8948000.0,14666900.0,-0.3899187967464154
2024-04-03,8730300.0,-0.024329459097004902,8730300.0,14666900.0,-0.40476174242682506
2024-04-04,8756900.0,0.0030468597871780023,8756900.0,14666900.0,-0.4029481349160354
2024-04-05,8665500.0,-0.010437483584373464,8665500.0,14666900.0,-0.40917985395686884
2024-04-08,8694300.0,0.0033235243205815834,8694300.0,14666900.0,-0.4072162488324049
2024-04-09,8967800.0,0.031457391624397646,8967800.0,14666900.0,-0.38856881822334643
2024-04-10,8746900.0,-0.024632574321461265,8746900.0,14666900.0,-0.40362994225091875
2024-04-11,8706700.0,-0.00459591398095327,8706700.0,14666900.0,-0.4063708077371496
2024-04-12,8986700.0,0.03215914181032997,8986700.0,14666900.0,-0.38728020236041705
2024-04-15,8913600.0,-0.008134242825508786,8913600.0,14666900.0,-0.39226421397841393
2024-04-16,8729100.0,-0.02069870759289172,8729100.0,14666900.0,-0.404843559307011
2024-04-17,8641800.0,-0.010001031034127195,8641800.0,14666900.0,-0.4107957373405423
2024-04-18,8500600.0,-0.016339188594968634,8500600.0,14666900.0,-0.42042285690909464
2024-04-19,8394300.0,-0.012504999647083737,8394300.0,14666900.0,-0.42767046887890425
2024-04-22,8760500.0,0.043624840665689835,8760500.0,14666900.0,-0.4027026842754774
2024-04-23,8877900.0,0.013401061583242946,8877900.0,14666900.0,-0.39469826616394743
2024-04-24,8973200.0,0.01073452055103119,8973200.0,14666900.0,-0.3882006422625095
2024-04-25,8798600.0,-0.01945794142557844,8798600.0,14666900.0,-0.400104998329572
2024-04-26,8854700.0,0.006376014365921945,8854700.0,14666900.0,-0.3962800591808767
2024-04-30,8497300.0,-0.040362745208759154,8497300.0,14666900.0,-0.4206478533296061
2024-05-01,8624600.0,0.01498122933167001,8624600.0,14666900.0,-0.4119684459565416
2024-05-02,8379600.0,-0.028407114532847944,8379600.0,14666900.0,-0.42867272566118264
2024-05-07,8242900.0,-0.016313427848584694,8242900.0,14666900.0,-0.4379930319290375
2024-05-08,8663900.0,0.051074257846146276,8663900.0,14666900.0,-0.40928894313045017
2024-05-09,8611400.0,-0.006059626726993672,8611400.0,14666900.0,-0.41286843163858755
2024-05-10,8666600.0,0.006410107531876319,8666600.0,14666900.0,-0.4091048551500317
2024-05-13,8665000.0,-0.00018461680474468611,8665000.0,14666900.0,-0.409213944323613
2024-05-14,8529800.0,-0.01560300057703401,8529800.0,14666900.0,-0.41843197949123534
2024-05-15,8684200.0,0.018101245046777237,8684200.0,14666900.0,-0.40790487424063704
2024-05-16,8873100.0,0.021752147578360637,8873100.0,14666900.0,-0.3950255336846914
2024-05-17,8957500.0,0.009511895504389578,8957500.0,14666900.0,-0.38927107977827624
2024-05-20,9066200.0,0.012135082333240232,9066200.0,14666900.0,-0.38185983404809465
2024-05-21,9112000.0,0.005051730603781168,9112000.0,14666900.0,-0.37873715645432915
2024-05-22,8989300.0,-0.013465759438103575,8989300.0,14666900.0,-0.38710293245334737
2024-05-23,8957700.0,-0.0035152904008098895,8957700.0,14666900.0,-0.38925744363157855
2024-05-24,8959300.0,0.0001786172789890461,8959300.0,14666900.0,-0.3891483544579972
2024-05-27,8995700.0,0.004062817407610053,8995700.0,14666900.0,-0.38666657575902197
2024-05-28,8996200.0,5.5582111453178484e-05,8996200.0,14666900.0,-0.3866324853922779
2024-05-29,8981700.0,-0.0016117916453614045,8981700.0,14666900.0,-0.3876211060278586
2024-05-30,8971600.0,-0.0011245087232929496,8971600.0,14666900.0,-0.3883097314360908
2024-05-31,9081900.0,0.012294351063355524,9081900.0,14666900.0,-0.3807893965323279
2024-06-03,9182500.0,0.011076977284488976,9182500.0,14666900.0,-0.37393041474340183
2024-06-04,9108000.0,-0.008113258916417121,9108000.0,14666900.0,-0.37900987938828246
2024-06-05,9024000.0,-0.00922266139657446,9024000.0,14666900.0,-0.3847370610013022
2024-06-06,8739200.0,-0.03156028368794328,8739200.0,14666900.0,-0.4041549338987789
2024-06-07,8986600.0,0.028309227389234692,8986600.0,14666900.0,-0.38728702043376584
2024-06-10,9039500.0,0.005886542185031152,9039500.0,14666900.0,-0.3836802596322332
2024-06-11,8756800.0,-0.03127385364234747,8756800.0,14666900.0,-0.4029549529893842
2024-06-12,9070400.0,0.03581216882879601,9070400.0,14666900.0,-0.38157347496744365
2024-06-13,8651100.0,-0.04622728876345039,8651100.0,14666900.0,-0.41016165651910086
2024-06-14,9084100.0,0.050051438545387184,9084100.0,14666900.0,-0.3806393989186536
2024-06-17,9042900.0,-0.0045353970123622744,9042900.0,14666900.0,-0.38344844513837284
2024-06-18,9055500.0,0.001393358325316063,9055500.0,14666900.0,-0.38258936789641984
2024-06-19,9160700.0,0.011617249185577716,9160700.0,14666900.0,-0.3754167547334474
2024-06-20,8829100.0,-0.03619810713155103,8829100.0,14666900.0,-0.3980254859581779
2024-06-21,8845000.0,0.001800863055124502,8845000.0,14666900.0,-0.39694141229571345
2024-06-24,9214500.0,0.04177501413227813,9214500.0,14666900.0,-0.37174863127177527
2024-06-25,9348300.0,0.014520592544359445,9348300.0,14666900.0,-0.3626260491310366
2024-06-26,9319400.0,-0.003091471176577598,9319400.0,14666900.0,-0.3645964723288493
2024-06-27,9012900.0,-0.03288838337232014,9012900.0,14666900.0,-0.3854938671430227
2024-06-28,9296700.0,0.03148820024631371,9296700.0,14666900.0,-0.3661441749790344
2024-07-01,9333500.0,0.003958393838674024,9333500.0,14666900.0,-0.36363512398666387
2024-07-02,9345500.0,0.0012856913269405634,9345500.0,14666900.0,-0.36281695518480384
2024-07-03,9010500.0,-0.035846129153068285,9010500.0,14666900.0,-0.3856575009033947
2024-07-04,9544400.0,0.059253093613007124,9544400.0,14666900.0,-0.3492558072939749
2024-07-05,9167500.0,-0.039489124512803286,9167500.0,14666900.0,-0.3749531257457268
2024-07-08,9107200.0,-0.006577583856013036,9107200.0,14666900.0,-0.3790644239750731
2024-07-09,9101400.0,-0.0006368587491215605,9101400.0,14666900.0,-0.37945987222930544
2024-07-10,9091200.0,-0.0011207067044630703,9091200.0,14666900.0,-0.38015531571088645
2024-07-11,9105600.0,0.0015839493136220462,9105600.0,14666900.0,-0.37917351314865444
2024-07-12,9116500.0,0.001197065542084097,9116500.0,14666900.0,-0.37843034315363167
2024-07-16,9187800.0,0.007820983930236336,9187800.0,14666900.0,-0.3735690568559137
2024-07-17,9247900.0,0.006541283005724985,9247900.0,14666900.0,-0.36947139477326496
2024-07-18,9435900.0,0.0203289395430315,9435900.0,14666900.0,-0.3566534168774588
2024-07-19,8904000.0,-0.056369821638635464,8904000.0,14666900.0,-0.392918749019902
2024-07-22,9110600.0,0.023203054806828494,9110600.0,14666900.0,-0.3788326094812128
2024-07-23,9186800.0,0.008363883827629426,9186800.0,14666900.0,-0.37363723758940204
2024-07-24,8850100.0,-0.03665041145992076,8850100.0,14666900.0,-0.396593690554923
2024-07-25,9010600.0,0.018135388300697164,9010600.0,14666900.0,-0.3856506828300459
2024-07-26,9014200.0,0.00039952944310028826,9014200.0,14666900.0,-0.38540523218948786
2024-07-29,8843600.0,-0.018925695014532673,8843600.0,14666900.0,-0.3970368653225972
2024-07-30,8906000.0,0.007055950065584238,8906000.0,14666900.0,-0.39278238755292527
2024-07-31,9174700.0,0.030170671457444342,9174700.0,14666900.0,-0.37446222446461075
2024-08-01,8694300.0,-0.05236138511340971,8694300.0,14666900.0,-0.4072162488324049
2024-08-02,8418300.0,-0.03174493633760045,8418300.0,14666900.0,-0.4260341312751843
2024-08-05,7333600.0,-0.1288502429231555,7333600.0,14666900.0,-0.4999897728899767
2024-08-06,7738000.0,0.05514344932911541,7738000.0,14666900.0,-0.4724174842672958
2024-08-07,7927800.0,0.02452830188679256,7927800.0,14666900.0,-0.4594767810512106
2024-08-08,7977100.0,0.0062186230732359515,7977100.0,14666900.0,-0.45611547089023585
2024-08-09,8204400.0,0.0284940642589413,8204400.0,14666900.0,-0.44061799016833825
2024-08-13,8458600.0,0.030983374774511185,8458600.0,14666900.0,-0.42328644771560453
2024-08-14,8504400.0,0.005414607618281941,8504400.0,14666900.0,-0.4201637701218389
2024-08-15,8444400.0,-0.00705517144066603,8444400.0,14666900.0,-0.42425461413113885
2024-08-16,8578600.0,0.01589218890625732,8578600.0,14666900.0,-0.4151047596970048
2024-08-19,8451500.0,-0.014815937332431917,8451500.0,14666900.0,-0.4237705309233717
2024-08-20,8524600.0,0.00864935218600249,8524600.0,14666900.0,-0.4187865193053747
2024-08-21,8496400.0,-0.003308073106069509,8496400.0,14666900.0,-0.42070921598974564
2024-08-22,8513000.0,0.0019537686549597755,8513000.0,14666900.0,-0.41957741581383934
2024-08-23,8563700.0,0.005955597321743111,8563700.0,14666900.0,-0.41612065262598097
2024-08-26,8502900.0,-0.0070997349276598065,8502900.0,14666900.0,-0.42026604122207145
2024-08-27,8573100.0,0.008256006774159497,8573100.0,14666900.0,-0.4154797537311906
2024-08-28,8485900.0,-0.010171349920098938,8485900.0,14666900.0,-0.42142511369137314
2024-08-29,8565200.0,0.009344913326812643,8565200.0,14666900.0,-0.41601838152574844
2024-08-30,8601700.0,0.0042614299724466065,8601700.0,14666900.0,-0.4135297847534244
2024-09-02,8534100.0,-0.007858911610495567,8534100.0,14666900.0,-0.41813880233723555
2024-09-03,8564400.0,0.00355046226315614,8564400.0,14666900.0,-0.4160729261125391
2024-09-04,8252700.0,-0.03639484377189295,8252700.0,14666900.0,-0.43732486074085186
2024-09-05,8337600.0,0.010287542258897053,8337600.0,14666900.0,-0.4315363164676925
2024-09-06,8303900.0,-0.004041930531567872,8303900.0,14666900.0,-0.4338340071862493
2024-09-09,8249100.0,-0.006599308758535094,8249100.0,14666900.0,-0.4375703113814099
2024-09-10,8220200.0,-0.0035034124934841815,8220200.0,14666900.0,-0.4395407345792226
2024-09-11,7916400.0,-0.03695773825454374,7916400.0,14666900.0,-0.46025404141297754
2024-09-12,8256100.0,0.04291091910464351,8256100.0,14666900.0,-0.4370930462469915
2024-09-13,8263900.0,0.0009447559985948928,8263900.0,14666900.0,-0.4365612365257825
2024-09-17,8244300.0,-0.002371761516959281,8244300.0,14666900.0,-0.43789757890215386
2024-09-18,8085300.0,-0.01928605218150725,8085300.0,14666900.0,-0.44873831552679844
2024-09-19,8352400.0,0.03303526152400038,8352400.0,14666900.0,-0.43052724161206524
2024-09-20,8239800.0,-0.013481155117092136,8239800.0,14666900.0,-0.43820439220285134
2024-09-24,8421300.0,0.022027233670720126,8421300.0,14666900.0,-0.42582958907471924
2024-09-25,8270100.0,-0.01795447258736771,8270100.0,14666900.0,-0.4361385159781549
2024-09-26,8448800.0,0.02160796120965891,8448800.0,14666900.0,-0.42395461890379016
2024-09-27,8022100.0,-0.050504213616134885,8022100.0,14666900.0,-0.4530473378832609
2024-09-30,7952300.0,-0.008700963588087918,7952300.0,14666900.0,-0.45780635308074646
2024-10-02,8769050.0,0.10270613533191653,8769050.0,14666900.0,-0.4021197390041522
2024-10-03,8661850.0,-0.012224813406241264,8661850.0,14666900.0,-0.40942871363410127
2024-10-04,8588600.0,-0.008456623007787045,8588600.0,14666900.0,-0.41442295236212157
2024-10-07,8787250.0,0.02312949724052804,8787250.0,14666900.0,-0.4008788496546646
2024-10-08,8637950.0,-0.016990526046260168,8637950.0,14666900.0,-0.41105823316447243
2024-10-09,8596250.0,-0.004827534310802961,8596250.0,14666900.0,-0.41390136975093583
2024-10-10,8626700.0,0.0035422422567981116,8626700.0,14666900.0,-0.4118252664162161
2024-10-11,8730800.0,0.012067186757392712,8730800.0,14666900.0,-0.4047276520600809
2024-10-15,8579050.0,-0.017380996014110917,8579050.0,14666900.0,-0.4150740783669351
2024-10-16,9023000.0,0.051748153933127705,9023000.0,14666900.0,-0.3848052417347906
2024-10-17,8591600.0,-0.04781114928516017,8591600.0,14666900.0,-0.4142184101616565
2024-10-18,8670600.0,0.009195027701475844,8670600.0,14666900.0,-0.4088321322160784
2024-10-21,8659750.0,-0.001251355154199274,8659750.0,14666900.0,-0.40957189317442677
2024-10-22,8451300.0,-0.02407113369323599,8451300.0,14666900.0,-0.4237841670700694
2024-10-23,8399400.0,-0.0061410670547726864,8399400.0,14666900.0,-0.4273227471381137
2024-10-24,8359700.0,-0.004726528085339465,8359700.0,14666900.0,-0.4300295222576005
2024-10-25,8433250.0,0.008798162613490979,8433250.0,14666900.0,-0.4250148293095337
2024-10-28,8519900.0,0.010274805087006733,8519900.0,14666900.0,-0.41910696875276987
2024-10-29,8447000.0,-0.008556438455850413,8447000.0,14666900.0,-0.4240773442240692
2024-10-30,8337200.0,-0.012998697762519273,8337200.0,14666900.0,-0.4315635887610879
2024-10-31,8413750.0,0.009181739672791789,8413750.0,14666900.0,-0.4263443536125562
2024-11-01,8453050.0,0.004670925568266204,8453050.0,14666900.0,-0.42366485078646476
2024-11-05,8378450.0,-0.008825216933532887,8378450.0,14666900.0,-0.4287511335046943
2024-11-06,8429150.0,0.0060512385942508295,8429150.0,14666900.0,-0.4252943703168359
2024-11-07,8504350.0,0.008921421495643012,8504350.0,14666900.0,-0.4201671791585134
2024-11-08,8555500.0,0.006014569014680671,8555500.0,14666900.0,-0.4166797346405853
2024-11-11,8264100.0,-0.03405996142832102,8264100.0,14666900.0,-0.4365476003790849
2024-11-12,8219050.0,-0.005451289311600771,8219050.0,14666900.0,-0.43961914242273414
2024-11-13,8429600.0,0.025617315869838952,8429600.0,14666900.0,-0.42526368898676614
2024-11-14,8423150.0,-0.0007651608617254002,8423150.0,14666900.0,-0.42570345471776583
2024-11-15,8308550.0,-0.013605361414672612,8308550.0,14666900.0,-0.43351696677552853
2024-11-18,8322400.0,0.0016669575316992091,8322400.0,14666900.0,-0.4325726636167152
2024-11-19,8387500.0,0.007822262808805158,8387500.0,14666900.0,-0.4281340978666248
2024-11-20,8361800.0,-0.003064083457526068,8361800.0,14666900.0,-0.429886342717275
2024-11-21,8269300.0,-0.011062211485565299,8269300.0,14666900.0,-0.43619306056494556
2024-11-22,8383550.0,0.013816163399562154,8383550.0,14666900.0,-0.42840341176390373
2024-11-25,8382050.0,-0.00017892181712997335,8382050.0,14666900.0,-0.42850568286413626
2024-11-26,8426400.0,0.00529106841405147,8426400.0,14666900.0,-0.4254818673339288
2024-11-27,8352550.0,-0.008764122282350684,8352550.0,14666900.0,-0.43051701450204205
2024-11-28,8271550.0,-0.00969763724850492,8271550.0,14666900.0,-0.43603965391459676
2024-11-29,8261000.0,-0.001275456232507799,8261000.0,14666900.0,-0.43675896065289865
2024-12-02,8289500.0,0.003449945527175924,8289500.0,14666900.0,-0.4348158097484812
2024-12-03,8345050.0,0.006701248567464901,8345050.0,14666900.0,-0.4310283700032045
2024-12-04,8363800.0,0.0022468409416360746,8363800.0,14666900.0,-0.4297499812502983
2024-12-05,8369950.0,0.0007353117004231802,8369950.0,14666900.0,-0.4293306697393451
2024-12-06,8474050.0,0.012437350282857196,8474050.0,14666900.0,-0.42223305538320977
2024-12-09,8384100.0,-0.010614759176544863,8384100.0,14666900.0,-0.42836591236048516
2024-12-10,8305100.0,-0.009422597535811872,8305100.0,14666900.0,-0.43375219030606327
2024-12-11,8412300.0,0.01290773139396273,8412300.0,14666900.0,-0.4264432156761142
2024-12-12,8505450.0,0.011073071573767024,8505450.0,14666900.0,-0.42009218035167617
2024-12-13,8282950.0,-0.026159697605652843,8282950.0,14666900.0,-0.4352623935528298
2024-12-16,8357000.0,0.008940051551681538,8357000.0,14666900.0,-0.43021361023801896
2024-12-17,8305300.0,-0.00618643053727419,8305300.0,14666900.0,-0.4337385541593657
2024-12-18,8394400.0,0.010728089292379561,8394400.0,14666900.0,-0.42766365080555535
2024-12-19,8434550.0,0.004782950538454234,8434550.0,14666900.0,-0.4249261943559989
2024-12-20,8424000.0,-0.0012508076897996823,8424000.0,14666900.0,-0.42564550109430077
2024-12-23,8434750.0,0.0012761158594492006,8434750.0,14666900.0,-0.4249125582093012
2024-12-24,8415100.0,-0.0023296481816296177,8415100.0,14666900.0,-0.42625230962234695
2024-12-25,8600550.0,0.02203776544544933,8600550.0,14666900.0,-0.41360819259693593
2024-12-26,8588750.0,-0.001372005278732158,8588750.0,14666900.0,-0.41441272525209827
2024-12-27,8613150.0,0.002840925629457036,8613150.0,14666900.0,-0.41274911535498304
2024-12-30,8628950.0,0.0018344043700619928,8628950.0,14666900.0,-0.4116718597658674
2025-01-06,8619050.0,-0.001147300656510919,8619050.0,14666900.0,-0.4123468490274018
2025-01-07,8603750.0,-0.0017751376311774258,8603750.0,14666900.0,-0.4133900142497733
2025-01-08,8487650.0,-0.013494115937817797,8487650.0,14666900.0,-0.4213057974077685
2025-01-09,8417550.0,-0.008259058750066273,8417550.0,14666900.0,-0.42608526682530046
2025-01-10,8345450.0,-0.008565437686737787,8345450.0,14666900.0,-0.4310010977098092
2025-01-14,8298750.0,-0.005595863614304752,8298750.0,14666900.0,-0.43418513796371416
2025-01-15,8295700.0,-0.0003675252297032916,8295700.0,14666900.0,-0.4343930892008536
2025-01-16,8233900.0,-0.007449642585917959,8233900.0,14666900.0,-0.43860665853043246
2025-01-17,8325800.0,0.011161175141791935,8325800.0,14666900.0,-0.43234084912285486
2025-01-20,8425350.0,0.011956808955295495,8425350.0,14666900.0,-0.42555345710409154
2025-01-21,8474700.0,0.0058573234346348535,8474700.0,14666900.0,-0.4221887379064424
2025-01-22,8499950.0,0.0029794564999350293,8499950.0,14666900.0,-0.420467174385862
2025-01-23,8357100.0,-0.01680598121165422,8357100.0,14666900.0,-0.43020679216467006
2025-01-24,8354750.0,-0.00028119802323767207,8354750.0,14666900.0,-0.43036701688836765
2025-01-27,8437750.0,0.009934468416170406,8437750.0,14666900.0,-0.42470801600883623
2025-01-28,8811100.0,0.04424757784954525,8811100.0,14666900.0,-0.39925273916096793
2025-01-29,8934850.0,0.014044784419652512,8934850.0,14666900.0,-0.39081537339178696
2025-01-30,8431400.0,-0.056346776946451294,8431400.0,14666900.0,-0.4251409636664871
2025-01-31,8403050.0,-0.0033624309130155794,8403050.0,14666900.0,-0.42707388746088126
2025-02-03,8553300.0,0.01788041246928196,8553300.0,14666900.0,-0.41682973225425957
2025-02-04,8626300.0,0.008534717594378849,8626300.0,14666900.0,-0.41185253870961147
2025-02-05,8530950.0,-0.011053406443086833,8530950.0,14666900.0,-0.4183535716477238
2025-02-06,8654400.0,0.014470838534981434,8654400.0,14666900.0,-0.4099366600985893
2025-02-07,8685850.0,0.003633989646884883,8685850.0,14666900.0,-0.4077923760303813
2025-02-10,8714850.0,0.00333876362129204,8714850.0,14666900.0,-0.4058151347592197
2025-02-12,8819150.0,0.011968077476950167,8819150.0,14666900.0,-0.3987038842563868
2025-02-13,8883450.0,0.007290952075880375,8883450.0,14666900.0,-0.3943198630930872
2025-02-14,8855550.0,-0.003140671698495523,8855550.0,14666900.0,-0.39622210555741155
2025-02-17,8908950.0,0.006030116706472244,8908950.0,14666900.0,-0.3925812543891347
2025-02-18,8938600.0,0.0033281138630254503,8938600.0,14666900.0,-0.39055969564120574
2025-02-19,9029250.0,0.010141409169221127,9029250.0,14666900.0,-0.3843791121504885
2025-02-20,8963600.0,-0.007270814297976047,8963600.0,14666900.0,-0.38885517730399743
2025-02-21,8926600.0,-0.004127805792315642,8926600.0,14666900.0,-0.39137786444306566
2025-02-25,8894600.0,-0.0035847915219680004,8894600.0,14666900.0,-0.3935596479146922
2025-02-26,8891650.0,-0.00033166190722455635,8891650.0,14666900.0,-0.3937607810784829
2025-02-27,8794300.0,-0.010948474130223262,8794300.0,14666900.0,-0.4003981754835718
2025-02-28,8741350.0,-0.006020945385079024,8741350.0,14666900.0,-0.404008345321779
2025-03-03,8883450.0,0.016256070286626123,8883450.0,14666900.0,-0.3943198630930872
2025-03-04,8754250.0,-0.014543899048230169,8754250.0,14666900.0,-0.4031288138597795
2025-03-05,8792200.0,0.004335037267612973,8792200.0,14666900.0,-0.4005413550238973
2025-03-06,8981300.0,0.021507700006824226,8981300.0,14666900.0,-0.387648378321254
2025-03-07,9019150.0,0.0042143119592932266,9019150.0,14666900.0,-0.3850677375587207
2025-03-10,8993500.0,-0.002843948709135513,8993500.0,14666900.0,-0.38681657337269637
2025-03-11,8940050.0,-0.005943181186412461,8940050.0,14666900.0,-0.3904608335776476
2025-03-12,8971900.0,0.0035626198958618183,8971900.0,14666900.0,-0.38828927721604434
2025-03-13,9399800.0,0.047693353693197604,9399800.0,14666900.0,-0.35911474135638755
2025-03-14,9025900.0,-0.039777442073235636,9025900.0,14666900.0,-0.3846075176076744
2025-03-17,9049150.0,0.0025759204068291908,9049150.0,14666900.0,-0.38302231555407074
2025-03-18,9132700.0,0.009232911378416864,9132700.0,14666900.0,-0.37732581527112063
2025-03-19,9204250.0,0.007834484873038727,9204250.0,14666900.0,-0.37244748379003056
2025-03-21,9167350.0,-0.0040090175734035505,9167350.0,14666900.0,-0.37496335285575
2025-03-24,9210650.0,0.004723284264263938,9210650.0,14666900.0,-0.3720111270957053
2025-03-25,9253350.0,0.004635937745978813,9253350.0,14666900.0,-0.3690998097757535
2025-03-26,9134300.0,-0.012865610832833552,9134300.0,14666900.0,-0.3772167260975393
2025-03-27,9280600.0,0.016016552992566435,9280600.0,14666900.0,-0.3672418847881965
2025-03-28,9029950.0,-0.0270079520720643,9029950.0,14666900.0,-0.3843313856370467
2025-03-31,8839500.0,-0.021090925198921417,8839500.0,14666900.0,-0.3973164063298993
2025-04-01,8758950.0,-0.009112506363482042,8758950.0,14666900.0,-0.4028083644123843
2025-04-02,8722000.0,-0.00421854217685913,8722000.0,14666900.0,-0.40532764251477815
2025-04-03,8541900.0,-0.020648933730795682,8541900.0,14666900.0,-0.4176069926160265
2025-04-04,8005100.0,-0.06284316135754342,8005100.0,14666900.0,-0.4542064103525626
2025-04-07,7449850.0,-0.06936203170478816,7449850.0,14666900.0,-0.4920637626219583
2025-04-08,7841000.0,0.05250441284052698,7841000.0,14666900.0,-0.4653948687179976
2025-04-09,7600150.0,-0.03071674531309787,7600150.0,14666900.0,-0.4818161983786622
2025-04-10,8031400.0,0.056742301138793305,8031400.0,14666900.0,-0.45241325706181945
2025-04-11,8008900.0,-0.0028015040964215476,8008900.0,14666900.0,-0.45394732356530687
2025-04-14,8114100.0,0.013135386882093592,8114100.0,14666900.0,-0.4467747104023345
2025-04-15,8172500.0,0.007197347826622735,8172500.0,14666900.0,-0.442792955566616
2025-04-16,8115600.0,-0.006962373814622169,8115600.0,14666900.0,-0.446672439302102
2025-04-17,8130550.0,0.0018421312041008164,8130550.0,14666900.0,-0.4456531373364515
2025-04-18,8358650.0,0.028054682647545404,8358650.0,14666900.0,-0.43010111202776324
2025-04-21,8350600.0,-0.000963074180639234,8350600.0,14666900.0,-0.43064996693234425
2025-04-22,8348600.0,-0.0002395037482336715,8348600.0,14666900.0,-0.43078632839932096
2025-04-23,8465400.0,0.013990369642814304,8465400.0,14666900.0,-0.42282281872788385
2025-04-24,8528150.0,0.007412526283459675,8528150.0,14666900.0,-0.41854447770149106
2025-04-25,8715450.0,0.021962559288943195,8715450.0,14666900.0,-0.40577422631912674
2025-04-28,8768900.0,0.006132787176795329,8768900.0,14666900.0,-0.4021299661141755
2025-04-30,8736150.0,-0.0037347899964648157,8736150.0,14666900.0,-0.40436288513591834
2025-05-01,8671100.0,-0.007446071782192365,8671100.0,14666900.0,-0.4087980418493342
2025-05-02,8755000.0,0.0096758196768576,8755000.0,14666900.0,-0.40307767830966323
2025-05-07,8735450.0,-0.002233009708737854,8735450.0,14666900.0,-0.4044106116493601
2025-05-08,8729150.0,-0.0007211992513265209,8729150.0,14666900.0,-0.4048401502703366
2025-05-09,8771700.0,0.0048744723140283774,8771700.0,14666900.0,-0.40193906006040814
2025-05-12,8991800.0,0.025092057411904234,8991800.0,14666900.0,-0.3869324806196265
2025-05-13,8854150.0,-0.015308392090571443,8854150.0,14666900.0,-0.3963175585842953
2025-05-14,8957600.0,0.011683786698892584,8957600.0,14666900.0,-0.38926426170492745
2025-05-15,8954400.0,-0.0003572385460390848,8954400.0,14666900.0,-0.3894824400520901
2025-05-16,8862650.0,-0.01024635933172513,8862650.0,14666900.0,-0.3957380223496444
2025-05-19,8701600.0,-0.018171765781115123,8701600.0,14666900.0,-0.40671852947794007
2025-05-20,8792150.0,0.010406132205571295,8792150.0,14666900.0,-0.4005447640605717
2025-05-21,8872000.0,0.0090819651621048,8872000.0,14666900.0,-0.39510053249152854
2025-05-22,8936200.0,0.007236248872858342,8936200.0,14666900.0,-0.3907233294015777
2025-05-23,8887150.0,-0.005488910275061043,8887150.0,14666900.0,-0.3940675943791804
2025-05-26,8993200.0,0.011932959385179798,8993200.0,14666900.0,-0.38683702759274285
2025-05-27,9033650.0,0.004497842814570996,9033650.0,14666900.0,-0.3840791169231399
2025-05-28,9061150.0,0.003044173728227184,9061150.0,14666900.0,-0.3822041467522107
2025-05-29,8844950.0,-0.023860106057178143,8844950.0,14666900.0,-0.39694482133238784
2025-05-30,8992400.0,0.01667052951118997,8992400.0,14666900.0,-0.3868915721795335
2025-06-02,9113150.0,0.01342800587162496,9113150.0,14666900.0,-0.3786587486108176
2025-06-03,9095350.0,-0.0019532214437378848,9095350.0,14666900.0,-0.37987236566690985
2025-06-04,9229900.0,0.014793273485902203,9229900.0,14666900.0,-0.3706986479760549
2025-06-05,9138100.0,-0.009945936575694203,9138100.0,14666900.0,-0.3769576393102837
2025-06-06,9171000.0,0.0036003107867061956,9171000.0,14666900.0,-0.37471449317851757
2025-06-09,9129300.0,-0.004546941445861985,9129300.0,14666900.0,-0.377557629764981
2025-06-10,9252050.0,0.013445718729804046,9252050.0,14666900.0,-0.36918844472928836
2025-06-11,9355750.0,0.011208326803249014,9355750.0,14666900.0,-0.36211810266654854
2025-06-12,9198600.0,-0.01679715682868821,9198600.0,14666900.0,-0.3728327049342397
2025-06-13,9332100.0,0.014513078077098784,9332100.0,14666900.0,-0.3637305770135475
2025-06-16,9337000.0,0.0005250693841685194,9337000.0,14666900.0,-0.36339649141945474
2025-06-17,9334450.0,-0.0002731069936811048,9334450.0,14666900.0,-0.3635703522898499
2025-06-18,9234200.0,-0.01073978648983065,9234200.0,14666900.0,-0.3704054708220551
2025-06-19,9351850.0,0.012740681380086993,9351850.0,14666900.0,-0.36238400752715294
2025-06-20,9292350.0,-0.00636237749750046,9292350.0,14666900.0,-0.3664407611697087
2025-06-23,9108200.0,-0.01981737665929506,9108200.0,14666900.0,-0.37899624324158476
2025-06-24,9096500.0,-0.0012845567730177532,9096500.0,14666900.0,-0.3797939578233983
2025-06-25,9047700.0,-0.005364700709063919,9047700.0,14666900.0,-0.38312117761762876
2025-06-26,9227400.0,0.019861401240094168,9227400.0,14666900.0,-0.3708690998097758
2025-06-27,9370250.0,0.01548106725621512,9370250.0,14666900.0,-0.36112948203096773
2025-06-30,9418000.0,0.005095915263733541,9418000.0,14666900.0,-0.3578738520068999
2025-07-01,9362300.0,-0.005914206837969838,9362300.0,14666900.0,-0.36167151886219995
2025-07-02,9112900.0,-0.026638753297800744,9112900.0,14666900.0,-0.3786757937941896
2025-07-03,9181000.0,0.0074729229992647195,9181000.0,14666900.0,-0.37403268584363436
2025-07-04,9154600.0,-0.002875503757760578,9154600.0,14666900.0,-0.3758326572077263
2025-07-07,9334000.0,0.019596705481397247,9334000.0,14666900.0,-0.3636010336199197
2025-07-08,9226800.0,-0.011484893936147378,9226800.0,14666900.0,-0.37091000824986875
2025-07-09,9298650.0,0.0077870984523344955,9298650.0,14666900.0,-0.3660112225487322
2025-07-10,9352450.0,0.005785786108736257,9352450.0,14666900.0,-0.36234309908705997
2025-07-11,9289800.0,-0.006698779464204607,9289800.0,14666900.0,-0.36661462204010387
2025-07-14,9582450.0,0.031502292837305435,9582450.0,14666900.0,-0.3466615303847439
2025-07-15,9418500.0,-0.01710940312759268,9418500.0,14666900.0,-0.35783976164015574
2025-07-16,9382050.0,-0.003870043000477774,9382050.0,14666900.0,-0.3603249493758054
2025-07-17,9576050.0,0.02067778364003603,9576050.0,14666900.0,-0.3470978870790692
2025-07-18,9566000.0,-0.0010494932670568335,9566000.0,14666900.0,-0.3477831034506269
2025-07-22,9616300.0,0.0052582061467698615,9616300.0,14666900.0,-0.3443536125561639
2025-07-23,9848450.0,0.024141301748073607,9848450.0,14666900.0,-0.32852545527684784
2025-07-24,9946350.0,0.009940650559224995,9946350.0,14666900.0,-0.32185056146834023
2025-07-25,9942450.0,-0.00039210363600716835,9942450.0,14666900.0,-0.32211646632894475
2025-07-28,9909100.0,-0.003354304019632992,9909100.0,14666900.0,-0.32439029379078055
2025-07-29,9871300.0,-0.0038146753993804072,9871300.0,14666900.0,-0.32696752551663955
2025-07-30,9763200.0,-0.010950938579518454,9763200.0,14666900.0,-0.33433786280672806
2025-07-31,9732000.0,-0.0031956735496558863,9732000.0,14666900.0,-0.33646510169156396
2025-08-01,9928150.0,0.02015515824085501,9928150.0,14666900.0,-0.32309145081782786
2025-08-04,10105750.0,0.01788852908145011,10105750.0,14666900.0,-0.3109825525503004
2025-08-05,10027900.0,-0.0077035351161467425,10027900.0,14666900.0,-0.31629042265236684
2025-08-06,10121150.0,0.009299055634778952,10121150.0,14666900.0,-0.30993256925458
2025-08-07,10145050.0,0.002361391739081009,10145050.0,14666900.0,-0.30830304972420897
2025-08-08,10195400.0,0.004963011517932436,10195400.0,14666900.0,-0.3048701497930715
2025-08-12,10290300.0,0.00930811934794118,10290300.0,14666900.0,-0.2983997981850288
2025-08-13,10385350.0,0.009236854124758276,10385350.0,14666900.0,-0.291919219466963
2025-08-14,10452100.0,0.006427323104180482,10452100.0,14666900.0,-0.287368155506617
2025-08-15,10523200.0,0.006802460749514516,10523200.0,14666900.0,-0.2825205053555966
2025-08-18,10595000.0,0.006823019613805714,10595000.0,14666900.0,-0.2776251286911344
2025-08-19,10553500.0,-0.003916941953751807,10553500.0,14666900.0,-0.28045462913090013
2025-08-20,10597150.0,0.0041360686028331095,10597150.0,14666900.0,-0.27747854011413453
2025-08-21,10660850.0,0.006011050140839691,10660850.0,14666900.0,-0.2731354273909279
2025-08-22,10687850.0,0.0025326310753832626,10687850.0,14666900.0,-0.271294547586743
2025-08-25,10883150.0,0.018273085793681698,10883150.0,14666900.0,-0.25797885033647194
2025-08-26,10849300.0,-0.00311031273114859,10849300.0,14666900.0,-0.2602867681650519
2025-08-27,10693350.0,-0.014374199257094933,10693350.0,14666900.0,-0.27091955355255715
2025-08-28,10938350.0,0.02291143561185227,10938350.0,14666900.0,-0.2542152738479161
2025-08-29,10976600.0,0.003496871100303167,10976600.0,14666900.0,-0.2516073607919874
2025-09-01,10764500.0,-0.01932292330958585,10764500.0,14666900.0,-0.26606849436486235
2025-09-02,10832400.0,0.006307770913651423,10832400.0,14666900.0,-0.2614390225610047
2025-09-03,10828150.0,-0.00039234149403644114,10828150.0,14666900.0,-0.2617287906783301
2025-09-04,10800400.0,-0.002562764645853588,10800400.0,14666900.0,-0.26362080603263127
2025-09-05,11177250.0,0.034892226213844024,11177250.0,14666900.0,-0.23792689661755384
2025-09-08,11314350.0,0.01226598671408441,11314350.0,14666900.0,-0.2285793180563036
2025-09-09,11135000.0,-0.015851551348508797,11135000.0,14666900.0,-0.24080753260743581
2025-09-10,11184450.0,0.004440951953300409,11184450.0,14666900.0,-0.23743599533643778
2025-09-11,11168800.0,-0.0013992641569321451,11168800.0,14666900.0,-0.23850302381553024
2025-09-12,11240100.0,0.0063838550247117265,11240100.0,14666900.0,-0.23364173751781225
2025-09-16,11350200.0,0.009795286518803126,11350200.0,14666900.0,-0.22613503876074703
2025-09-17,11152000.0,-0.017462247361279992,11152000.0,14666900.0,-0.23964846013813412
2025-09-18,11315550.0,0.01466553084648492,11315550.0,14666900.0,-0.22849750117611767
2025-09-19,11349250.0,0.0029782025619611296,11349250.0,14666900.0,-0.22619981045756088
2025-09-22,11407500.0,0.0051324977421416396,11407500.0,14666900.0,-0.22222828273186568
2025-09-24,11487650.0,0.007026079333771751,11487650.0,14666900.0,-0.21676359694277592
2025-09-25,11465850.0,-0.0018976901280940428,11465850.0,14666900.0,-0.21824993693282158
2025-09-26,11408950.0,-0.0049625627406603146,11408950.0,14666900.0,-0.22212942066830754
2025-09-29,11099300.0,-0.027140972657431206,11099300.0,14666900.0,-0.2432415847929692
2025-09-30,11170000.0,0.006369771066643937,11170000.0,14666900.0,-0.2384212069353442
